timestamp,pm10,pm2_5,carbon_monoxide,carbon_dioxide,nitrogen_dioxide,sulphur_dioxide,ozone,aerosol_optical_depth,dust,uv_index,uv_index_clear_sky,ammonia,methane,us_aqi
2025-07-04 19:00:00+00:00,62.6,25.8,239.0,447.0,22.9,11.3,36.0,0.74,62.0,0.0,0.0,,1380.0,80
2025-07-04 20:00:00+00:00,63.3,25.6,212.0,448.0,17.9,9.9,43.0,0.74,66.0,0.0,0.0,,1390.0,79
2025-07-04 21:00:00+00:00,66.6,26.3,190.0,448.0,13.7,8.8,49.0,0.72,70.0,0.0,0.0,,1396.0,81
2025-07-04 22:00:00+00:00,71.7,27.7,169.0,447.0,11.1,8.0,53.0,0.75,74.0,0.0,0.0,,1394.0,84
2025-07-04 23:00:00+00:00,76.4,29.4,153.0,446.0,9.4,7.6,56.0,0.79,79.0,0.0,0.0,,1387.0,87
2025-07-05 00:00:00+00:00,76.1,28.9,160.0,445.0,9.8,8.8,55.0,0.8,84.0,0.0,0.0,,1381.0,86
2025-07-05 01:00:00+00:00,82.0,31.2,215.0,445.0,10.5,10.2,57.0,0.82,99.0,0.05,0.05,,1376.0,91
2025-07-05 02:00:00+00:00,103.4,35.5,293.0,446.0,11.4,12.1,60.0,0.83,119.0,0.35,0.4,,1372.0,101
2025-07-05 03:00:00+00:00,112.2,37.1,340.0,447.0,11.4,13.7,65.0,0.82,136.0,1.25,1.4,,1368.0,105
2025-07-05 04:00:00+00:00,120.6,38.6,325.0,447.0,9.6,14.9,74.0,0.82,147.0,2.95,3.15,,1365.0,109
2025-07-05 05:00:00+00:00,127.1,39.7,279.0,447.0,6.8,15.7,85.0,0.84,155.0,4.7,5.35,,1363.0,111
2025-07-05 06:00:00+00:00,127.1,40.4,242.0,446.0,4.7,16.2,94.0,0.86,159.0,6.1,7.5,,1360.0,113
2025-07-05 07:00:00+00:00,135.0,43.8,230.0,445.0,3.8,16.0,99.0,0.84,156.0,6.95,8.7,,1356.0,121
2025-07-05 08:00:00+00:00,124.3,41.7,228.0,445.0,3.5,15.3,101.0,0.82,149.0,7.45,8.85,,1352.0,116
2025-07-05 09:00:00+00:00,116.4,39.8,231.0,444.0,3.7,14.8,101.0,0.77,141.0,6.9,7.55,,1348.0,112
2025-07-05 10:00:00+00:00,112.2,38.4,242.0,444.0,4.2,14.9,97.0,0.74,135.0,5.25,5.45,,1345.0,108
2025-07-05 11:00:00+00:00,106.4,36.4,259.0,444.0,5.1,15.1,89.0,0.7,130.0,3.0,3.2,,1341.0,103
2025-07-05 12:00:00+00:00,107.3,36.7,269.0,444.0,7.2,16.1,85.0,0.68,129.0,1.25,1.4,,1340.0,104
2025-07-05 13:00:00+00:00,95.7,32.8,266.0,444.0,11.0,15.3,74.0,0.62,115.0,0.35,0.4,,1340.0,95
2025-07-05 14:00:00+00:00,88.2,30.6,258.0,443.0,16.1,14.1,60.0,0.62,95.0,0.05,0.05,,1342.0,90
2025-07-05 15:00:00+00:00,75.2,29.5,251.0,443.0,19.6,13.0,50.0,0.62,80.0,0.0,0.0,,1346.0,88
2025-07-05 16:00:00+00:00,69.8,28.7,254.0,444.0,20.0,12.1,48.0,0.6,74.0,0.0,0.0,,1355.0,86
2025-07-05 17:00:00+00:00,68.0,27.6,258.0,444.0,18.6,11.4,51.0,0.59,72.0,0.0,0.0,,1366.0,84
2025-07-05 18:00:00+00:00,68.0,26.5,252.0,445.0,16.7,10.5,54.0,0.61,71.0,0.0,0.0,,1373.0,81
2025-07-05 19:00:00+00:00,69.2,25.3,223.0,445.0,14.1,9.4,56.0,0.63,72.0,0.0,0.0,,1373.0,79
2025-07-05 20:00:00+00:00,68.9,24.1,183.0,444.0,10.9,8.2,58.0,0.66,74.0,0.0,0.0,,1369.0,76
2025-07-05 21:00:00+00:00,66.8,23.3,153.0,444.0,8.4,7.4,60.0,0.66,75.0,0.0,0.0,,1366.0,75
2025-07-05 22:00:00+00:00,62.4,22.8,138.0,444.0,7.1,7.2,62.0,0.65,71.0,0.0,0.0,,1367.0,74
2025-07-05 23:00:00+00:00,61.0,22.8,134.0,444.0,6.4,7.4,63.0,0.63,65.0,0.0,0.0,,1368.0,74
2025-07-06 00:00:00+00:00,63.8,22.8,147.0,444.0,6.5,8.2,62.0,0.73,71.0,0.0,0.0,,1367.0,74
2025-07-06 01:00:00+00:00,65.0,23.7,193.0,444.0,8.3,9.5,62.0,0.77,76.0,0.05,0.05,,1360.0,75
2025-07-06 02:00:00+00:00,74.0,26.3,255.0,443.0,10.8,11.2,63.0,0.77,82.0,0.35,0.4,,1351.0,81
2025-07-06 03:00:00+00:00,78.0,27.3,293.0,443.0,11.8,12.7,67.0,0.79,88.0,1.25,1.45,,1345.0,83
2025-07-06 04:00:00+00:00,84.1,28.6,282.0,443.0,10.1,13.6,76.0,0.78,91.0,2.7,3.3,,1345.0,86
2025-07-06 05:00:00+00:00,81.3,28.5,247.0,443.0,7.1,14.3,88.0,0.83,94.0,4.3,5.65,,1347.0,85
2025-07-06 06:00:00+00:00,84.3,29.9,220.0,443.0,4.7,14.6,97.0,0.83,96.0,6.15,7.7,,1349.0,88
2025-07-06 07:00:00+00:00,85.7,30.5,212.0,443.0,3.7,14.5,102.0,0.81,98.0,7.2,8.95,,1347.0,90
2025-07-06 08:00:00+00:00,86.4,30.7,213.0,442.0,3.4,14.0,105.0,0.81,99.0,7.4,8.95,,1345.0,90
2025-07-06 09:00:00+00:00,87.1,30.7,218.0,442.0,3.6,13.6,104.0,0.8,100.0,6.25,7.65,,1343.0,90
2025-07-06 10:00:00+00:00,85.7,29.9,230.0,442.0,4.1,13.3,98.0,0.82,102.0,4.05,5.4,,1343.0,88
2025-07-06 11:00:00+00:00,88.2,29.7,248.0,442.0,5.1,13.1,88.0,0.84,105.0,2.3,3.05,,1344.0,88
2025-07-06 12:00:00+00:00,82.0,30.3,262.0,442.0,8.9,16.4,83.0,0.87,90.0,0.85,1.3,,1345.0,89
2025-07-06 13:00:00+00:00,85.4,29.3,271.0,443.0,12.2,16.0,73.0,0.81,90.0,0.3,0.35,,1348.0,87
2025-07-06 14:00:00+00:00,87.5,28.7,278.0,443.0,16.9,15.6,59.0,0.78,90.0,0.0,0.05,,1351.0,86
2025-07-06 15:00:00+00:00,79.9,29.3,280.0,444.0,21.7,15.2,47.0,0.71,89.0,0.0,0.0,,1354.0,87
2025-07-06 16:00:00+00:00,80.3,31.2,278.0,444.0,27.0,15.3,38.0,0.65,86.0,0.0,0.0,,1357.0,91
2025-07-06 17:00:00+00:00,78.9,32.8,271.0,444.0,32.3,15.5,31.0,0.59,83.0,0.0,0.0,,1359.0,95
2025-07-06 18:00:00+00:00,79.2,33.2,256.0,444.0,34.7,15.2,28.0,0.57,80.0,0.0,0.0,,1362.0,95
2025-07-06 19:00:00+00:00,77.3,32.0,226.0,444.0,32.1,13.8,30.0,0.56,79.0,0.0,0.0,,1364.0,93
2025-07-06 20:00:00+00:00,75.0,30.5,189.0,444.0,26.6,11.8,35.0,0.57,78.0,0.0,0.0,,1367.0,90
2025-07-06 21:00:00+00:00,73.8,28.9,161.0,444.0,21.8,10.3,39.0,0.58,78.0,0.0,0.0,,1371.0,86
2025-07-06 22:00:00+00:00,72.2,27.4,139.0,444.0,19.0,9.3,41.0,0.6,76.0,0.0,0.0,,1378.0,83
2025-07-06 23:00:00+00:00,71.7,26.3,127.0,444.0,16.8,8.7,42.0,0.58,74.0,0.0,0.0,,1386.0,81
2025-07-07 00:00:00+00:00,72.6,32.7,156.0,445.0,33.5,13.8,21.0,0.49,70.0,0.0,0.0,,1395.0,94
2025-07-07 01:00:00+00:00,74.7,33.2,266.0,447.0,29.8,17.5,29.0,0.5,87.0,0.05,0.05,,1407.0,95
2025-07-07 02:00:00+00:00,90.8,35.0,416.0,449.0,24.5,22.5,40.0,0.49,111.0,0.3,0.45,,1420.0,99
2025-07-07 03:00:00+00:00,105.5,33.4,515.0,450.0,19.8,26.6,52.0,0.49,128.0,1.0,1.7,,1426.0,96
2025-07-07 04:00:00+00:00,107.3,33.9,515.0,450.0,16.4,28.8,63.0,0.53,131.0,2.25,3.75,,1419.0,97
2025-07-07 05:00:00+00:00,107.1,35.4,463.0,448.0,13.6,29.9,74.0,0.61,128.0,3.15,6.15,,1404.0,101
2025-07-07 06:00:00+00:00,106.9,36.8,409.0,447.0,11.4,30.3,85.0,0.68,125.0,3.8,8.3,,1391.0,104
2025-07-07 07:00:00+00:00,109.2,38.9,364.0,446.0,9.7,29.8,97.0,0.76,127.0,3.7,9.35,,1384.0,109
2025-07-07 08:00:00+00:00,112.0,41.2,318.0,445.0,8.5,28.5,110.0,0.76,129.0,3.9,9.25,,1378.0,115
2025-07-07 09:00:00+00:00,114.6,42.3,290.0,444.0,8.1,26.8,115.0,0.74,130.0,3.15,7.95,,1374.0,118
2025-07-07 10:00:00+00:00,111.5,40.9,297.0,444.0,8.3,24.4,110.0,0.68,128.0,3.15,5.85,,1371.0,114
2025-07-07 11:00:00+00:00,105.9,38.4,323.0,444.0,9.3,21.6,98.0,0.64,123.0,2.15,3.45,,1369.0,108
2025-07-07 12:00:00+00:00,108.3,38.1,339.0,444.0,9.9,19.5,91.0,0.75,126.0,1.0,1.4,,1369.0,107
2025-07-07 13:00:00+00:00,97.3,34.0,326.0,444.0,14.7,18.5,77.0,0.65,117.0,0.2,0.4,,1369.0,97
2025-07-07 14:00:00+00:00,92.2,31.4,302.0,444.0,21.2,17.2,57.0,0.59,105.0,0.0,0.05,,1371.0,92
2025-07-07 15:00:00+00:00,84.1,30.7,295.0,444.0,26.2,16.0,42.0,0.6,96.0,0.0,0.0,,1376.0,90
2025-07-07 16:00:00+00:00,84.8,30.4,326.0,446.0,28.1,15.4,36.0,0.62,94.0,0.0,0.0,,1387.0,89
2025-07-07 17:00:00+00:00,85.4,30.2,374.0,448.0,28.5,15.0,34.0,0.63,95.0,0.0,0.0,,1402.0,89
2025-07-07 18:00:00+00:00,83.8,29.9,395.0,449.0,28.1,14.4,34.0,0.61,95.0,0.0,0.0,,1415.0,88
2025-07-07 19:00:00+00:00,82.0,29.4,365.0,449.0,26.9,13.4,34.0,0.61,93.0,0.0,0.0,,1425.0,87
2025-07-07 20:00:00+00:00,80.3,28.6,308.0,447.0,24.9,12.2,35.0,0.61,91.0,0.0,0.0,,1433.0,86
2025-07-07 21:00:00+00:00,78.7,28.2,257.0,446.0,23.3,11.5,35.0,0.58,90.0,0.0,0.0,,1434.0,85
2025-07-07 22:00:00+00:00,78.5,27.9,211.0,445.0,22.7,11.1,34.0,0.56,88.0,0.0,0.0,,1423.0,84
2025-07-07 23:00:00+00:00,78.5,27.9,171.0,444.0,22.5,11.2,32.0,0.55,86.0,0.0,0.0,,1405.0,84
2025-07-08 00:00:00+00:00,85.9,29.7,175.0,443.0,22.7,11.9,34.0,0.51,100.0,0.0,0.0,,1394.0,88
2025-07-08 01:00:00+00:00,77.8,29.9,265.0,444.0,21.2,16.7,39.0,0.51,116.0,0.0,0.05,,1398.0,88
2025-07-08 02:00:00+00:00,104.3,31.9,400.0,445.0,19.0,23.3,47.0,0.49,137.0,0.3,0.45,,1409.0,93
2025-07-08 03:00:00+00:00,115.7,33.2,493.0,446.0,16.5,28.1,59.0,0.47,149.0,1.4,1.65,,1414.0,95
2025-07-08 04:00:00+00:00,115.9,34.1,506.0,446.0,13.3,29.6,77.0,0.46,145.0,3.5,3.85,,1408.0,97
2025-07-08 05:00:00+00:00,109.0,34.8,477.0,446.0,9.8,29.4,98.0,0.52,132.0,4.85,6.35,,1397.0,99
2025-07-08 06:00:00+00:00,103.6,36.7,437.0,445.0,7.0,28.2,115.0,0.54,120.0,6.2,8.6,,1387.0,104
2025-07-08 07:00:00+00:00,98.3,37.5,387.0,444.0,5.4,25.8,126.0,0.59,111.0,7.25,9.75,,1382.0,106
2025-07-08 08:00:00+00:00,94.8,37.1,325.0,444.0,4.5,22.5,132.0,0.64,104.0,6.8,9.5,,1379.0,105
2025-07-08 09:00:00+00:00,92.2,36.2,284.0,443.0,4.3,19.9,133.0,0.66,100.0,6.2,8.0,,1375.0,103
2025-07-08 10:00:00+00:00,94.5,36.4,282.0,442.0,4.7,18.8,127.0,0.65,104.0,4.9,5.7,,1370.0,103
2025-07-08 11:00:00+00:00,98.5,36.6,299.0,441.0,5.8,18.3,115.0,0.65,112.0,2.75,3.3,,1365.0,104
2025-07-08 12:00:00+00:00,110.4,42.6,309.0,441.0,8.9,17.1,100.0,0.86,123.0,1.15,1.25,,1361.0,118
2025-07-08 13:00:00+00:00,120.1,42.1,299.0,441.0,14.2,16.3,84.0,0.88,125.0,0.3,0.35,,1361.0,117
2025-07-08 14:00:00+00:00,122.0,40.9,282.0,442.0,21.4,15.2,62.0,0.91,128.0,0.05,0.05,,1362.0,114
2025-07-08 15:00:00+00:00,111.8,39.7,265.0,442.0,26.2,14.1,46.0,0.95,131.0,0.0,0.0,,1363.0,111
2025-07-08 16:00:00+00:00,115.9,38.9,251.0,442.0,26.4,13.1,41.0,0.98,136.0,0.0,0.0,,1363.0,109
2025-07-08 17:00:00+00:00,117.6,38.1,238.0,443.0,24.1,12.1,43.0,0.98,142.0,0.0,0.0,,1362.0,107
2025-07-08 18:00:00+00:00,114.8,36.8,222.0,443.0,21.6,11.2,44.0,0.96,141.0,0.0,0.0,,1362.0,104
2025-07-08 19:00:00+00:00,106.4,34.5,200.0,443.0,19.3,10.3,44.0,0.99,128.0,0.0,0.0,,1363.0,98
2025-07-08 20:00:00+00:00,93.4,31.5,176.0,442.0,16.9,9.5,44.0,0.98,109.0,0.0,0.0,,1364.0,92
2025-07-08 21:00:00+00:00,82.2,28.9,160.0,442.0,15.3,9.1,43.0,0.96,93.0,0.0,0.0,,1367.0,86
2025-07-08 22:00:00+00:00,73.8,26.9,149.0,443.0,15.5,8.9,39.0,0.95,82.0,0.0,0.0,,1372.0,82
2025-07-08 23:00:00+00:00,69.4,26.0,145.0,444.0,16.5,9.0,35.0,0.93,74.0,0.0,0.0,,1378.0,80
2025-07-09 00:00:00+00:00,71.2,27.5,170.0,445.0,19.6,10.9,31.0,0.84,76.0,0.0,0.0,,1382.0,83
2025-07-09 01:00:00+00:00,70.1,28.7,254.0,446.0,18.9,14.7,36.0,0.85,90.0,0.05,0.05,,1382.0,86
2025-07-09 02:00:00+00:00,90.6,30.7,366.0,446.0,17.7,19.9,44.0,0.85,110.0,0.35,0.4,,1381.0,90
2025-07-09 03:00:00+00:00,101.0,30.6,431.0,446.0,16.0,23.5,53.0,0.87,125.0,1.15,1.35,,1377.0,90
2025-07-09 04:00:00+00:00,108.0,32.6,405.0,445.0,13.1,24.0,66.0,0.93,129.0,2.5,2.95,,1370.0,94
2025-07-09 05:00:00+00:00,105.9,33.6,333.0,443.0,9.6,22.9,81.0,1.01,129.0,3.7,4.9,,1361.0,96
2025-07-09 06:00:00+00:00,105.9,35.4,275.0,442.0,7.0,21.4,92.0,1.15,126.0,3.75,6.4,,1354.0,101
2025-07-09 07:00:00+00:00,104.1,36.4,254.0,441.0,5.8,19.8,96.0,1.32,122.0,3.8,7.0,,1350.0,103
2025-07-09 08:00:00+00:00,102.9,36.9,248.0,441.0,5.4,17.9,97.0,1.44,117.0,3.85,6.6,,1348.0,104
2025-07-09 09:00:00+00:00,98.3,35.7,252.0,441.0,5.5,16.4,95.0,1.49,112.0,3.0,5.35,,1347.0,101
2025-07-09 10:00:00+00:00,95.9,35.0,269.0,441.0,5.9,15.8,91.0,1.52,110.0,2.6,3.65,,1348.0,99
2025-07-09 11:00:00+00:00,93.6,34.5,296.0,442.0,6.7,15.6,85.0,1.47,108.0,1.6,2.05,,1351.0,98
2025-07-09 12:00:00+00:00,99.9,36.9,314.0,442.0,9.2,16.9,80.0,1.45,112.0,0.75,0.85,,1355.0,104
2025-07-09 13:00:00+00:00,93.8,34.2,314.0,442.0,13.3,15.8,69.0,1.43,106.0,0.2,0.25,,1360.0,97
2025-07-09 14:00:00+00:00,91.3,32.7,305.0,442.0,19.1,14.2,53.0,1.34,98.0,0.0,0.0,,1365.0,94
2025-07-09 15:00:00+00:00,84.3,32.4,292.0,442.0,24.1,13.1,40.0,1.31,92.0,0.0,0.0,,1368.0,94
2025-07-09 16:00:00+00:00,86.8,32.8,275.0,442.0,28.0,13.0,33.0,1.36,91.0,0.0,0.0,,1368.0,95
2025-07-09 17:00:00+00:00,88.2,33.8,253.0,442.0,31.1,13.3,29.0,1.39,93.0,0.0,0.0,,1366.0,97
2025-07-09 18:00:00+00:00,87.3,34.3,230.0,442.0,31.9,13.2,28.0,1.38,93.0,0.0,0.0,,1365.0,98
2025-07-09 19:00:00+00:00,85.2,33.3,203.0,442.0,28.6,12.0,31.0,1.37,91.0,0.0,0.0,,1364.0,96
2025-07-09 20:00:00+00:00,80.3,30.7,174.0,443.0,22.9,10.4,37.0,1.4,87.0,0.0,0.0,,1364.0,90
2025-07-09 21:00:00+00:00,76.6,28.1,154.0,443.0,18.3,9.2,41.0,1.38,84.0,0.0,0.0,,1366.0,85
2025-07-09 22:00:00+00:00,73.6,26.2,143.0,444.0,16.0,8.6,42.0,1.33,79.0,0.0,0.0,,1374.0,81
2025-07-09 23:00:00+00:00,71.2,25.0,142.0,445.0,14.8,8.4,41.0,1.3,75.0,0.0,0.0,,1384.0,78
2025-07-10 00:00:00+00:00,71.2,26.7,161.0,445.0,17.6,10.2,36.0,1.3,78.0,0.0,0.0,,1388.0,82
2025-07-10 01:00:00+00:00,68.7,26.5,220.0,445.0,16.7,12.4,41.0,1.29,90.0,0.0,0.0,,1382.0,81
2025-07-10 02:00:00+00:00,92.0,28.8,299.0,444.0,15.4,15.4,47.0,1.26,107.0,0.25,0.3,,1370.0,86
2025-07-10 03:00:00+00:00,97.1,28.3,349.0,444.0,13.8,17.7,54.0,1.25,122.0,0.85,1.05,,1361.0,85
2025-07-10 04:00:00+00:00,102.0,29.0,341.0,444.0,11.7,18.5,61.0,1.27,133.0,1.55,2.45,,1357.0,87
2025-07-10 05:00:00+00:00,109.0,30.6,303.0,443.0,9.3,18.5,69.0,1.31,143.0,2.35,4.25,,1356.0,90
2025-07-10 06:00:00+00:00,114.8,32.5,271.0,443.0,7.4,18.3,76.0,1.37,149.0,2.7,5.9,,1355.0,94
2025-07-10 07:00:00+00:00,112.7,32.9,257.0,443.0,6.1,17.8,82.0,1.41,149.0,3.75,6.85,,1354.0,95
2025-07-10 08:00:00+00:00,113.9,34.5,248.0,442.0,5.3,17.1,87.0,1.41,146.0,2.9,6.75,,1353.0,98
2025-07-10 09:00:00+00:00,113.2,34.6,251.0,442.0,5.1,16.6,89.0,1.41,143.0,3.95,5.65,,1352.0,98
2025-07-10 10:00:00+00:00,115.3,35.4,271.0,442.0,5.3,16.6,88.0,1.33,142.0,3.65,4.05,,1351.0,101
2025-07-10 11:00:00+00:00,112.5,34.1,301.0,442.0,6.0,16.7,85.0,1.28,141.0,2.1,2.3,,1351.0,97
2025-07-10 12:00:00+00:00,130.4,37.8,326.0,442.0,8.7,17.2,73.0,1.31,169.0,0.7,0.95,,1352.0,107
2025-07-10 13:00:00+00:00,128.1,37.5,339.0,443.0,14.6,17.2,61.0,1.24,158.0,0.2,0.25,,1354.0,106
2025-07-10 14:00:00+00:00,123.4,36.9,346.0,443.0,22.7,17.2,44.0,1.23,142.0,0.0,0.0,,1358.0,104
2025-07-10 15:00:00+00:00,108.5,37.6,349.0,444.0,28.8,16.9,31.0,1.19,127.0,0.0,0.0,,1363.0,106
2025-07-10 16:00:00+00:00,101.3,37.3,353.0,445.0,31.2,16.0,26.0,1.17,115.0,0.0,0.0,,1371.0,105
2025-07-10 17:00:00+00:00,95.5,36.8,353.0,445.0,31.6,14.8,25.0,1.17,104.0,0.0,0.0,,1380.0,104
2025-07-10 18:00:00+00:00,89.2,36.0,336.0,445.0,30.8,13.6,25.0,1.18,93.0,0.0,0.0,,1386.0,102
2025-07-10 19:00:00+00:00,81.5,34.5,287.0,444.0,28.8,12.4,26.0,1.19,82.0,0.0,0.0,,1387.0,98
2025-07-10 20:00:00+00:00,73.6,31.9,220.0,443.0,25.6,11.1,28.0,1.2,72.0,0.0,0.0,,1386.0,93
2025-07-10 21:00:00+00:00,67.1,29.4,171.0,443.0,22.6,10.2,30.0,1.2,63.0,0.0,0.0,,1385.0,87
2025-07-10 22:00:00+00:00,61.0,27.1,146.0,444.0,20.2,9.5,31.0,1.19,56.0,0.0,0.0,,1385.0,83
2025-07-10 23:00:00+00:00,56.8,25.1,139.0,445.0,18.0,9.0,33.0,1.18,50.0,0.0,0.0,,1384.0,78
2025-07-11 00:00:00+00:00,55.8,24.2,159.0,446.0,15.7,9.8,36.0,1.15,52.0,0.0,0.0,,1383.0,76
2025-07-11 01:00:00+00:00,53.7,24.0,235.0,447.0,15.5,12.6,39.0,1.14,59.0,0.0,0.05,,1381.0,76
2025-07-11 02:00:00+00:00,66.8,26.4,339.0,447.0,15.2,16.4,43.0,1.13,69.0,0.3,0.3,,1379.0,81
2025-07-11 03:00:00+00:00,75.7,26.9,401.0,447.0,14.3,19.3,49.0,1.11,82.0,1.05,1.15,,1376.0,82
2025-07-11 04:00:00+00:00,87.3,27.5,380.0,446.0,12.3,20.6,57.0,1.07,100.0,2.25,2.7,,1371.0,83
2025-07-11 05:00:00+00:00,100.1,29.5,317.0,445.0,9.8,21.1,68.0,1.11,121.0,2.8,4.65,,1365.0,88
2025-07-11 06:00:00+00:00,105.2,31.2,267.0,444.0,7.7,21.0,76.0,1.19,133.0,3.1,6.35,,1360.0,91
2025-07-11 07:00:00+00:00,104.8,33.1,251.0,444.0,6.4,20.3,82.0,1.32,131.0,3.65,7.15,,1355.0,95
2025-07-11 08:00:00+00:00,99.7,32.9,248.0,443.0,5.7,19.1,87.0,1.34,121.0,4.3,6.9,,1350.0,95
2025-07-11 09:00:00+00:00,93.8,31.5,251.0,443.0,5.5,17.9,89.0,1.3,111.0,3.45,5.85,,1347.0,92
2025-07-11 10:00:00+00:00,91.7,29.8,260.0,443.0,5.7,16.9,86.0,1.23,105.0,3.5,4.2,,1345.0,88
2025-07-11 11:00:00+00:00,85.2,27.4,274.0,442.0,6.4,16.1,80.0,1.17,101.0,2.15,2.45,,1344.0,83
2025-07-11 12:00:00+00:00,93.1,30.2,283.0,442.0,8.3,15.8,73.0,1.12,113.0,1.0,1.05,,1344.0,89
2025-07-11 13:00:00+00:00,82.7,26.8,283.0,442.0,12.1,15.5,63.0,1.06,100.0,0.3,0.3,,1345.0,82
2025-07-11 14:00:00+00:00,74.0,24.7,279.0,443.0,17.4,15.0,49.0,1.07,81.0,0.0,0.0,,1347.0,77
2025-07-11 15:00:00+00:00,62.4,24.1,272.0,443.0,21.6,14.5,38.0,1.07,66.0,0.0,0.0,,1350.0,76
2025-07-11 16:00:00+00:00,60.1,24.4,264.0,443.0,24.0,14.1,33.0,1.06,59.0,0.0,0.0,,1354.0,77
2025-07-11 17:00:00+00:00,58.3,24.5,254.0,444.0,25.4,13.7,32.0,1.05,56.0,0.0,0.0,,1360.0,77
2025-07-11 18:00:00+00:00,56.8,24.6,237.0,444.0,25.2,13.1,32.0,1.05,54.0,0.0,0.0,,1363.0,77
2025-07-11 19:00:00+00:00,56.2,24.3,207.0,444.0,22.7,12.0,34.0,1.04,53.0,0.0,0.0,,1363.0,77
2025-07-11 20:00:00+00:00,55.1,23.3,170.0,443.0,18.6,10.6,38.0,1.03,53.0,0.0,0.0,,1361.0,75
2025-07-11 21:00:00+00:00,54.8,22.6,145.0,443.0,15.1,9.5,42.0,1.02,54.0,0.0,0.0,,1361.0,73
2025-07-11 22:00:00+00:00,54.4,22.0,134.0,443.0,12.5,8.6,44.0,1.02,53.0,0.0,0.0,,1364.0,72
2025-07-11 23:00:00+00:00,53.9,21.7,134.0,443.0,10.5,7.9,46.0,1.06,53.0,0.0,0.0,,1369.0,71
2025-07-12 00:00:00+00:00,60.1,22.6,153.0,443.0,10.2,8.1,48.0,1.14,65.0,0.0,0.0,,1371.0,73
2025-07-12 01:00:00+00:00,65.4,23.8,210.0,443.0,11.0,9.7,49.0,1.21,72.0,0.0,0.0,,1367.0,76
2025-07-12 02:00:00+00:00,71.9,25.7,285.0,443.0,12.0,11.9,51.0,1.2,83.0,0.25,0.3,,1360.0,80
2025-07-12 03:00:00+00:00,78.7,26.2,330.0,443.0,12.2,13.8,55.0,1.22,94.0,0.85,1.0,,1354.0,81
2025-07-12 04:00:00+00:00,90.1,28.3,314.0,443.0,10.9,15.1,62.0,1.26,105.0,1.7,2.35,,1352.0,85
2025-07-12 05:00:00+00:00,98.5,30.3,268.0,442.0,8.7,16.2,71.0,1.35,117.0,2.35,4.05,,1352.0,89
2025-07-12 06:00:00+00:00,98.3,30.3,233.0,442.0,7.0,16.6,77.0,1.38,124.0,2.8,5.5,,1351.0,89
2025-07-12 07:00:00+00:00,97.1,29.7,224.0,442.0,6.0,16.1,80.0,1.44,125.0,3.15,6.35,,1349.0,88
2025-07-12 08:00:00+00:00,95.2,28.7,225.0,442.0,5.4,15.1,81.0,1.5,122.0,3.05,6.1,,1347.0,86
2025-07-12 09:00:00+00:00,92.4,27.7,232.0,442.0,5.4,14.2,80.0,1.52,117.0,2.55,5.05,,1346.0,84
2025-07-12 10:00:00+00:00,83.6,25.6,248.0,442.0,5.8,13.8,75.0,1.57,110.0,1.45,3.4,,1346.0,79
2025-07-12 11:00:00+00:00,79.2,24.4,270.0,442.0,6.7,13.6,68.0,1.61,100.0,0.9,1.85,,1348.0,77
2025-07-12 12:00:00+00:00,96.6,29.6,283.0,442.0,8.7,15.9,72.0,1.71,122.0,0.5,0.7,,1348.0,88
2025-07-12 13:00:00+00:00,87.1,27.2,277.0,442.0,13.5,15.6,61.0,1.65,106.0,0.2,0.2,,1346.0,83
2025-07-12 14:00:00+00:00,75.7,25.0,261.0,442.0,19.9,15.1,46.0,1.56,84.0,0.0,0.0,,1343.0,78
2025-07-12 15:00:00+00:00,62.4,24.2,249.0,442.0,23.9,14.3,36.0,1.46,66.0,0.0,0.0,,1343.0,76
2025-07-12 16:00:00+00:00,57.3,23.5,248.0,443.0,23.1,13.0,35.0,1.36,58.0,0.0,0.0,,1349.0,75
2025-07-12 17:00:00+00:00,55.1,22.5,251.0,444.0,19.9,11.5,38.0,1.27,55.0,0.0,0.0,,1357.0,73
2025-07-12 18:00:00+00:00,53.8,22.1,243.0,444.0,16.6,10.2,42.0,1.23,53.0,0.0,0.0,,1363.0,72
2025-07-12 19:00:00+00:00,52.9,21.5,212.0,444.0,13.9,9.2,45.0,1.18,52.0,0.0,0.0,,1363.0,71
2025-07-12 20:00:00+00:00,51.7,20.8,170.0,443.0,11.2,8.5,47.0,1.2,52.0,0.0,0.0,,1361.0,69
2025-07-12 21:00:00+00:00,51.1,20.1,141.0,442.0,9.3,8.1,49.0,1.21,52.0,0.0,0.0,,1360.0,68
2025-07-12 22:00:00+00:00,51.5,19.8,131.0,442.0,8.6,8.1,49.0,1.18,51.0,0.0,0.0,,1364.0,67
2025-07-12 23:00:00+00:00,52.2,19.7,134.0,443.0,8.6,8.3,47.0,1.15,51.0,0.0,0.0,,1369.0,67
2025-07-13 00:00:00+00:00,57.2,19.8,150.0,443.0,7.3,8.7,51.0,1.11,65.0,0.0,0.0,,1370.0,67
2025-07-13 01:00:00+00:00,58.4,20.3,193.0,443.0,8.6,9.9,52.0,1.14,73.0,0.0,0.0,,1364.0,68
2025-07-13 02:00:00+00:00,67.5,22.3,251.0,443.0,10.4,11.5,53.0,1.11,85.0,0.25,0.3,,1354.0,72
2025-07-13 03:00:00+00:00,78.0,23.2,285.0,443.0,11.1,12.9,57.0,1.07,97.0,0.95,1.1,,1347.0,74
2025-07-13 04:00:00+00:00,89.9,24.2,273.0,443.0,9.6,13.7,66.0,1.05,110.0,2.3,2.55,,1346.0,76
2025-07-13 05:00:00+00:00,97.3,25.9,238.0,442.0,7.0,14.3,76.0,1.09,125.0,3.55,4.45,,1347.0,80
2025-07-13 06:00:00+00:00,100.4,27.4,214.0,442.0,5.1,14.5,84.0,1.16,134.0,4.1,6.15,,1349.0,83
2025-07-13 07:00:00+00:00,104.5,28.3,213.0,442.0,4.5,14.2,86.0,1.21,136.0,4.05,7.05,,1352.0,85
2025-07-13 08:00:00+00:00,103.4,28.5,223.0,442.0,4.4,13.4,84.0,1.25,133.0,3.75,6.85,,1355.0,85
2025-07-13 09:00:00+00:00,98.3,27.5,235.0,442.0,4.7,12.8,81.0,1.25,130.0,3.75,5.7,,1357.0,83
2025-07-13 10:00:00+00:00,102.0,28.2,252.0,442.0,4.9,12.4,78.0,1.21,129.0,3.4,4.0,,1356.0,85
2025-07-13 11:00:00+00:00,99.4,27.1,272.0,442.0,5.4,12.0,75.0,1.18,129.0,1.95,2.3,,1354.0,83
2025-07-13 12:00:00+00:00,109.2,29.2,283.0,442.0,6.9,12.8,74.0,1.12,147.0,0.85,1.0,,1353.0,87
2025-07-13 13:00:00+00:00,102.0,28.0,279.0,442.0,10.5,12.4,65.0,1.09,133.0,0.25,0.3,,1354.0,84
2025-07-13 14:00:00+00:00,96.6,27.7,266.0,443.0,15.5,11.8,53.0,1.07,113.0,0.0,0.0,,1356.0,84
2025-07-13 15:00:00+00:00,81.0,27.6,253.0,443.0,18.6,11.2,45.0,1.05,96.0,0.0,0.0,,1358.0,84
2025-07-13 16:00:00+00:00,76.1,26.6,244.0,443.0,18.3,10.7,43.0,1.04,86.0,0.0,0.0,,1359.0,81
2025-07-13 17:00:00+00:00,68.0,24.3,234.0,443.0,16.2,10.1,45.0,1.02,79.0,0.0,0.0,,1360.0,77
2025-07-13 18:00:00+00:00,65.7,22.9,221.0,443.0,13.9,9.6,47.0,1.01,75.0,0.0,0.0,,1362.0,74
2025-07-13 19:00:00+00:00,64.3,22.1,199.0,443.0,11.9,9.0,49.0,1.04,75.0,0.0,0.0,,1365.0,72
2025-07-13 20:00:00+00:00,65.2,21.6,172.0,443.0,9.8,8.5,51.0,1.04,78.0,0.0,0.0,,1368.0,71
2025-07-13 21:00:00+00:00,65.7,21.1,152.0,443.0,8.1,8.1,53.0,1.06,79.0,0.0,0.0,,1371.0,70
2025-07-13 22:00:00+00:00,64.7,20.6,138.0,443.0,7.0,7.8,54.0,1.08,77.0,0.0,0.0,,1372.0,69
2025-07-13 23:00:00+00:00,64.0,20.3,130.0,444.0,6.4,7.7,54.0,1.06,73.0,0.0,0.0,,1373.0,68
2025-07-14 00:00:00+00:00,61.7,20.0,140.0,444.0,6.5,8.1,55.0,0.96,73.0,0.0,0.0,,1371.0,68
2025-07-14 01:00:00+00:00,59.3,19.5,185.0,444.0,7.6,8.9,55.0,0.91,77.0,0.0,0.0,,1366.0,67
2025-07-14 02:00:00+00:00,63.8,20.4,248.0,443.0,9.1,10.1,56.0,0.9,83.0,0.3,0.3,,1359.0,68
2025-07-14 03:00:00+00:00,73.3,21.8,286.0,443.0,9.6,11.1,59.0,0.95,92.0,0.95,1.1,,1354.0,71
2025-07-14 04:00:00+00:00,85.2,24.2,273.0,443.0,8.3,11.8,66.0,1.01,104.0,2.0,2.5,,1353.0,76
2025-07-14 05:00:00+00:00,89.4,25.1,235.0,442.0,6.1,12.4,76.0,1.1,119.0,3.25,4.2,,1353.0,78
2025-07-14 06:00:00+00:00,101.5,27.7,207.0,442.0,4.4,12.9,84.0,1.12,136.0,4.75,5.8,,1354.0,84
2025-07-14 07:00:00+00:00,112.2,29.5,203.0,442.0,3.6,13.2,91.0,1.12,160.0,5.75,6.9,,1354.0,88
2025-07-14 08:00:00+00:00,124.3,31.3,209.0,442.0,3.3,13.4,96.0,1.09,187.0,6.35,6.95,,1354.0,91
2025-07-14 09:00:00+00:00,139.7,33.5,220.0,442.0,3.5,13.5,97.0,1.04,199.0,5.7,5.95,,1354.0,96
2025-07-14 10:00:00+00:00,126.2,32.1,240.0,442.0,4.1,13.4,92.0,0.99,188.0,4.1,4.3,,1353.0,93
2025-07-14 11:00:00+00:00,114.3,30.4,266.0,442.0,5.2,13.1,83.0,0.94,163.0,2.4,2.5,,1352.0,89
2025-07-14 12:00:00+00:00,111.1,31.1,280.0,442.0,7.4,14.9,78.0,0.94,147.0,1.05,1.1,,1351.0,91
2025-07-14 13:00:00+00:00,100.6,29.1,270.0,442.0,10.7,14.3,68.0,0.91,129.0,0.3,0.3,,1348.0,87
2025-07-14 14:00:00+00:00,92.2,27.6,248.0,442.0,15.3,13.3,55.0,0.88,104.0,0.0,0.0,,1344.0,84
2025-07-14 15:00:00+00:00,73.3,25.6,234.0,442.0,18.3,12.4,45.0,0.85,84.0,0.0,0.0,,1343.0,79
2025-07-14 16:00:00+00:00,68.2,24.3,240.0,443.0,18.4,11.4,43.0,0.85,75.0,0.0,0.0,,1347.0,77
2025-07-14 17:00:00+00:00,65.0,23.3,252.0,443.0,16.9,10.4,45.0,0.86,72.0,0.0,0.0,,1354.0,75
2025-07-14 18:00:00+00:00,63.6,22.9,253.0,444.0,15.4,9.6,47.0,0.89,70.0,0.0,0.0,,1361.0,74
2025-07-14 19:00:00+00:00,64.3,23.4,229.0,444.0,14.3,9.3,47.0,0.9,67.0,0.0,0.0,,1366.0,75
2025-07-14 20:00:00+00:00,61.2,23.1,192.0,444.0,13.2,9.2,47.0,0.88,64.0,0.0,0.0,,1370.0,74
2025-07-14 21:00:00+00:00,58.9,22.4,163.0,444.0,12.1,9.1,47.0,0.85,62.0,0.0,0.0,,1373.0,73
2025-07-14 22:00:00+00:00,58.0,21.9,142.0,444.0,10.6,8.6,47.0,0.83,60.0,0.0,0.0,,1373.0,72
2025-07-14 23:00:00+00:00,57.0,21.5,128.0,444.0,9.1,8.1,48.0,0.86,58.0,0.0,0.0,,1371.0,71
2025-07-15 00:00:00+00:00,60.8,22.2,137.0,444.0,9.4,8.9,47.0,0.99,67.0,0.0,0.0,,1368.0,72
2025-07-15 01:00:00+00:00,63.8,23.3,192.0,444.0,10.4,10.7,48.0,1.04,80.0,0.0,0.0,,1364.0,75
2025-07-15 02:00:00+00:00,75.7,26.7,269.0,444.0,11.6,13.3,51.0,1.07,97.0,0.25,0.25,,1360.0,82
2025-07-15 03:00:00+00:00,92.4,29.3,316.0,444.0,11.8,15.4,56.0,1.09,112.0,0.95,1.0,,1357.0,87
2025-07-15 04:00:00+00:00,103.4,31.7,301.0,443.0,10.0,16.7,67.0,1.05,122.0,2.1,2.3,,1356.0,92
2025-07-15 05:00:00+00:00,106.6,33.8,255.0,443.0,7.2,17.6,82.0,1.05,130.0,3.6,4.15,,1356.0,97
2025-07-15 06:00:00+00:00,109.4,36.2,221.0,442.0,5.0,17.9,92.0,1.08,133.0,5.15,5.85,,1356.0,103
2025-07-15 07:00:00+00:00,108.7,37.5,217.0,442.0,4.1,17.2,96.0,1.1,129.0,5.85,6.9,,1356.0,106
2025-07-15 08:00:00+00:00,102.2,36.0,226.0,442.0,3.8,16.0,96.0,1.1,120.0,5.8,6.9,,1356.0,102
2025-07-15 09:00:00+00:00,95.5,33.4,237.0,442.0,4.3,15.1,93.0,1.08,112.0,4.5,5.8,,1356.0,96
2025-07-15 10:00:00+00:00,90.8,31.1,251.0,442.0,5.5,15.2,86.0,1.05,106.0,2.9,4.15,,1354.0,91
2025-07-15 11:00:00+00:00,85.7,28.8,268.0,442.0,7.5,15.7,75.0,1.01,101.0,1.65,2.35,,1352.0,86
2025-07-15 12:00:00+00:00,101.7,34.6,278.0,442.0,10.1,15.7,64.0,1.12,119.0,0.85,0.95,,1350.0,98
2025-07-15 13:00:00+00:00,95.9,33.3,275.0,442.0,13.9,15.4,56.0,1.07,107.0,0.25,0.25,,1349.0,96
2025-07-15 14:00:00+00:00,91.3,32.7,266.0,443.0,19.0,14.8,45.0,1.04,89.0,0.0,0.0,,1349.0,94
2025-07-15 15:00:00+00:00,75.7,31.2,259.0,443.0,22.4,14.1,37.0,1.03,76.0,0.0,0.0,,1351.0,91
2025-07-15 16:00:00+00:00,71.7,30.3,263.0,443.0,22.6,13.0,35.0,1.05,70.0,0.0,0.0,,1355.0,89
2025-07-15 17:00:00+00:00,69.6,29.4,270.0,444.0,21.1,11.7,37.0,1.09,68.0,0.0,0.0,,1360.0,87
2025-07-15 18:00:00+00:00,69.2,29.1,265.0,444.0,19.2,10.6,39.0,1.11,67.0,0.0,0.0,,1365.0,87
2025-07-15 19:00:00+00:00,70.1,29.2,235.0,444.0,17.3,10.0,41.0,1.11,67.0,0.0,0.0,,1368.0,87
2025-07-15 20:00:00+00:00,69.8,28.3,192.0,444.0,15.0,9.7,42.0,1.1,69.0,0.0,0.0,,1371.0,85
2025-07-15 21:00:00+00:00,68.2,27.3,161.0,444.0,13.1,9.5,44.0,1.03,69.0,0.0,0.0,,1375.0,83
2025-07-15 22:00:00+00:00,66.1,26.4,147.0,444.0,11.5,9.2,45.0,0.96,66.0,0.0,0.0,,1382.0,81
2025-07-15 23:00:00+00:00,64.5,25.6,146.0,445.0,10.3,9.0,46.0,0.92,63.0,0.0,0.0,,1390.0,79
2025-07-16 00:00:00+00:00,62.9,25.0,164.0,445.0,9.8,9.9,47.0,0.94,64.0,0.0,0.0,,1392.0,78
2025-07-16 01:00:00+00:00,64.7,25.6,221.0,445.0,10.1,11.4,49.0,0.9,72.0,0.0,0.0,,1384.0,79
2025-07-16 02:00:00+00:00,79.9,28.3,298.0,444.0,10.5,13.4,53.0,0.87,82.0,0.25,0.3,,1370.0,85
2025-07-16 03:00:00+00:00,78.7,27.1,345.0,444.0,10.2,14.9,58.0,0.88,90.0,1.0,1.15,,1360.0,83
2025-07-16 04:00:00+00:00,90.1,29.3,332.0,444.0,8.8,15.4,66.0,0.88,94.0,2.15,2.7,,1357.0,87
2025-07-16 05:00:00+00:00,82.4,27.1,288.0,443.0,6.7,15.3,77.0,0.88,96.0,3.85,4.7,,1358.0,83
2025-07-16 06:00:00+00:00,79.9,26.6,252.0,443.0,5.1,14.9,84.0,0.95,95.0,4.6,6.5,,1358.0,81
2025-07-16 07:00:00+00:00,75.9,25.9,236.0,443.0,4.1,14.2,87.0,0.96,92.0,5.15,7.55,,1356.0,80
2025-07-16 08:00:00+00:00,72.6,25.4,227.0,442.0,3.6,13.2,87.0,0.98,86.0,5.9,7.4,,1353.0,79
2025-07-16 09:00:00+00:00,70.5,24.9,226.0,442.0,3.5,12.4,85.0,0.98,81.0,5.1,6.2,,1351.0,78
2025-07-16 10:00:00+00:00,69.2,24.1,238.0,442.0,3.9,12.1,80.0,0.99,76.0,3.7,4.35,,1349.0,76
2025-07-16 11:00:00+00:00,66.8,23.3,258.0,442.0,4.7,11.9,72.0,0.98,72.0,2.05,2.45,,1347.0,75
2025-07-16 12:00:00+00:00,81.3,28.2,272.0,442.0,6.6,12.1,64.0,1.04,93.0,0.85,1.0,,1345.0,85
2025-07-16 13:00:00+00:00,83.8,29.2,276.0,442.0,10.7,12.6,56.0,1.07,87.0,0.2,0.3,,1344.0,87
2025-07-16 14:00:00+00:00,82.0,30.2,274.0,443.0,16.4,13.3,45.0,1.05,79.0,0.0,0.0,,1343.0,89
2025-07-16 15:00:00+00:00,73.6,30.6,270.0,443.0,21.0,13.8,36.0,1.07,73.0,0.0,0.0,,1343.0,90
2025-07-16 16:00:00+00:00,75.2,32.2,266.0,443.0,24.0,14.0,31.0,1.09,73.0,0.0,0.0,,1344.0,93
2025-07-16 17:00:00+00:00,78.5,34.0,259.0,443.0,25.9,13.9,29.0,1.11,75.0,0.0,0.0,,1347.0,97
2025-07-16 18:00:00+00:00,80.6,34.8,246.0,443.0,26.1,13.5,29.0,1.14,76.0,0.0,0.0,,1350.0,99
2025-07-16 19:00:00+00:00,78.2,33.6,220.0,443.0,23.5,12.5,31.0,1.14,75.0,0.0,0.0,,1355.0,96
2025-07-16 20:00:00+00:00,75.2,31.8,189.0,444.0,19.2,11.1,36.0,1.14,74.0,0.0,0.0,,1361.0,92
2025-07-16 21:00:00+00:00,72.4,29.9,166.0,444.0,15.7,10.0,39.0,1.15,72.0,0.0,0.0,,1367.0,88
2025-07-16 22:00:00+00:00,70.8,28.5,154.0,444.0,13.8,9.2,39.0,1.18,68.0,0.0,0.0,,1376.0,85
2025-07-16 23:00:00+00:00,68.5,27.4,151.0,445.0,12.6,8.7,39.0,1.19,64.0,0.0,0.0,,1385.0,83
2025-07-17 00:00:00+00:00,66.1,26.1,168.0,445.0,10.3,8.5,42.0,1.14,68.0,0.0,0.0,,1388.0,80
2025-07-17 01:00:00+00:00,66.1,26.5,228.0,445.0,10.8,10.5,44.0,1.14,79.0,0.0,0.0,,1380.0,81
2025-07-17 02:00:00+00:00,83.4,30.0,308.0,444.0,11.4,13.2,48.0,1.09,94.0,0.15,0.25,,1366.0,89
2025-07-17 03:00:00+00:00,91.7,31.2,354.0,444.0,11.4,15.2,52.0,1.06,105.0,0.55,1.0,,1355.0,91
2025-07-17 04:00:00+00:00,88.9,30.3,332.0,443.0,10.1,15.9,57.0,1.03,108.0,1.25,2.5,,1350.0,89
2025-07-17 05:00:00+00:00,88.5,29.4,276.0,443.0,8.1,15.9,64.0,1.02,106.0,2.0,4.5,,1348.0,87
2025-07-17 06:00:00+00:00,87.1,29.0,233.0,442.0,6.4,15.8,70.0,1.02,103.0,3.15,6.45,,1346.0,87
2025-07-17 07:00:00+00:00,81.3,28.2,223.0,442.0,5.3,15.6,77.0,1.0,100.0,4.65,7.7,,1343.0,85
2025-07-17 08:00:00+00:00,82.4,28.2,226.0,442.0,4.4,15.2,85.0,1.03,96.0,5.25,7.6,,1341.0,85
2025-07-17 09:00:00+00:00,79.6,27.5,234.0,442.0,4.1,14.9,88.0,1.02,93.0,4.55,6.35,,1339.0,83
2025-07-17 10:00:00+00:00,75.0,26.7,247.0,442.0,4.4,14.6,85.0,1.0,91.0,3.8,4.4,,1337.0,82
2025-07-17 11:00:00+00:00,73.6,25.8,265.0,442.0,5.2,14.3,79.0,1.0,89.0,2.2,2.45,,1335.0,80
2025-07-17 12:00:00+00:00,83.8,28.5,281.0,442.0,6.8,14.9,73.0,1.02,98.0,0.9,1.05,,1335.0,85
2025-07-17 13:00:00+00:00,79.9,27.3,293.0,442.0,9.2,15.4,64.0,1.05,93.0,0.2,0.3,,1337.0,83
2025-07-17 14:00:00+00:00,74.5,26.4,302.0,443.0,12.5,16.1,52.0,1.03,85.0,0.0,0.0,,1340.0,81
2025-07-17 15:00:00+00:00,71.7,26.4,309.0,443.0,15.2,16.5,42.0,0.99,78.0,0.0,0.0,,1345.0,81
2025-07-17 16:00:00+00:00,69.4,26.1,318.0,444.0,16.6,16.5,38.0,0.94,71.0,0.0,0.0,,1353.0,80
2025-07-17 17:00:00+00:00,64.7,25.7,324.0,444.0,17.3,16.2,37.0,0.87,64.0,0.0,0.0,,1362.0,80
2025-07-17 18:00:00+00:00,60.3,25.3,316.0,445.0,17.4,15.4,37.0,0.79,58.0,0.0,0.0,,1370.0,79
2025-07-17 19:00:00+00:00,56.7,24.6,279.0,445.0,16.6,13.8,37.0,0.73,54.0,0.0,0.0,,1374.0,77
2025-07-17 20:00:00+00:00,54.0,23.8,228.0,445.0,15.1,11.9,38.0,0.73,51.0,0.0,0.0,,1377.0,76
2025-07-17 21:00:00+00:00,52.3,23.4,189.0,445.0,14.0,10.4,38.0,0.74,48.0,0.0,0.0,,1381.0,75
2025-07-17 22:00:00+00:00,51.0,23.1,169.0,446.0,13.6,9.6,37.0,0.75,45.0,0.0,0.0,,1390.0,74
2025-07-17 23:00:00+00:00,48.4,22.5,162.0,447.0,13.5,9.4,35.0,0.75,42.0,0.0,0.0,,1400.0,73
2025-07-18 00:00:00+00:00,53.4,24.8,177.0,447.0,16.0,11.4,31.0,0.72,48.0,0.0,0.0,,1403.0,78
2025-07-18 01:00:00+00:00,56.8,25.3,235.0,447.0,14.7,13.9,36.0,0.72,54.0,0.0,0.0,,1392.0,79
2025-07-18 02:00:00+00:00,65.7,26.2,315.0,446.0,12.8,17.2,42.0,0.69,63.0,0.35,0.35,,1373.0,81
2025-07-18 03:00:00+00:00,66.8,25.3,360.0,445.0,10.9,19.3,50.0,0.68,72.0,1.25,1.4,,1358.0,79
2025-07-18 04:00:00+00:00,70.5,25.7,336.0,444.0,8.8,18.8,60.0,0.67,79.0,2.75,3.25,,1350.0,80
2025-07-18 05:00:00+00:00,73.6,26.4,277.0,443.0,6.6,16.9,71.0,0.71,85.0,4.25,5.7,,1345.0,81
2025-07-18 06:00:00+00:00,77.8,27.2,233.0,442.0,5.0,15.5,79.0,0.71,91.0,4.95,7.9,,1342.0,83
2025-07-18 07:00:00+00:00,83.1,28.5,222.0,441.0,4.5,15.3,83.0,0.78,97.0,5.65,9.1,,1340.0,85
2025-07-18 08:00:00+00:00,87.1,29.6,225.0,441.0,4.6,15.5,84.0,0.8,101.0,4.3,9.0,,1339.0,88
2025-07-18 09:00:00+00:00,87.1,30.3,233.0,441.0,4.9,15.7,83.0,0.82,103.0,4.2,7.6,,1338.0,89
2025-07-18 10:00:00+00:00,83.8,29.8,248.0,441.0,5.2,15.8,81.0,0.81,100.0,3.45,5.5,,1337.0,88
2025-07-18 11:00:00+00:00,81.0,28.8,269.0,442.0,5.8,15.9,78.0,0.75,93.0,2.55,3.25,,1336.0,86
2025-07-18 12:00:00+00:00,84.8,30.5,284.0,442.0,7.1,17.3,82.0,0.72,97.0,1.25,1.4,,1337.0,90
2025-07-18 13:00:00+00:00,80.1,27.6,289.0,442.0,9.5,16.4,71.0,0.67,91.0,0.35,0.4,,1340.0,84
2025-07-18 14:00:00+00:00,73.1,25.1,288.0,443.0,12.7,15.1,55.0,0.62,83.0,0.0,0.0,,1344.0,78
2025-07-18 15:00:00+00:00,66.8,23.9,278.0,443.0,14.6,14.0,44.0,0.62,76.0,0.0,0.0,,1346.0,76
2025-07-18 16:00:00+00:00,66.6,23.7,254.0,443.0,14.1,13.4,42.0,0.66,74.0,0.0,0.0,,1345.0,75
2025-07-18 17:00:00+00:00,68.0,24.2,222.0,442.0,12.3,13.0,44.0,0.69,73.0,0.0,0.0,,1342.0,76
2025-07-18 18:00:00+00:00,64.5,23.9,193.0,442.0,10.6,12.3,46.0,0.71,70.0,0.0,0.0,,1342.0,76
2025-07-18 19:00:00+00:00,60.8,23.5,172.0,442.0,9.5,11.1,47.0,0.74,62.0,0.0,0.0,,1346.0,75
2025-07-18 20:00:00+00:00,50.8,21.0,154.0,443.0,8.5,9.6,47.0,0.79,52.0,0.0,0.0,,1352.0,70
2025-07-18 21:00:00+00:00,46.9,20.0,140.0,443.0,7.8,8.6,47.0,0.83,45.0,0.0,0.0,,1356.0,68
2025-07-18 22:00:00+00:00,48.4,20.3,125.0,443.0,7.3,8.2,46.0,0.85,43.0,0.0,0.0,,1356.0,68
2025-07-18 23:00:00+00:00,45.8,19.9,115.0,442.0,7.0,8.2,46.0,0.86,43.0,0.0,0.0,,1353.0,67
2025-07-19 00:00:00+00:00,52.2,21.2,125.0,442.0,7.2,10.3,47.0,0.88,53.0,0.0,0.0,,1351.0,70
2025-07-19 01:00:00+00:00,55.4,21.5,176.0,442.0,8.2,11.0,47.0,0.91,57.0,0.0,0.0,,1349.0,71
2025-07-19 02:00:00+00:00,58.0,22.2,248.0,443.0,9.4,12.0,47.0,0.9,62.0,0.15,0.3,,1347.0,72
2025-07-19 03:00:00+00:00,63.6,23.9,291.0,443.0,9.8,13.0,50.0,0.89,70.0,0.9,1.2,,1345.0,76
2025-07-19 04:00:00+00:00,78.9,27.8,276.0,443.0,8.5,14.0,60.0,0.88,82.0,2.45,2.9,,1344.0,84
2025-07-19 05:00:00+00:00,80.6,28.2,232.0,442.0,6.4,15.0,73.0,0.9,97.0,3.2,5.0,,1343.0,85
2025-07-19 06:00:00+00:00,88.9,30.6,199.0,442.0,4.9,15.7,82.0,0.92,106.0,5.45,6.95,,1343.0,90
2025-07-19 07:00:00+00:00,92.0,31.9,191.0,442.0,4.5,15.9,85.0,0.93,106.0,5.95,8.2,,1343.0,93
2025-07-19 08:00:00+00:00,88.9,31.4,194.0,442.0,4.6,15.8,84.0,0.94,101.0,5.45,8.2,,1344.0,92
2025-07-19 09:00:00+00:00,82.4,29.7,204.0,442.0,5.3,15.5,80.0,0.95,96.0,3.7,6.95,,1345.0,88
2025-07-19 10:00:00+00:00,77.5,27.8,228.0,442.0,6.7,15.1,72.0,0.95,91.0,2.0,4.95,,1347.0,84
2025-07-19 11:00:00+00:00,72.9,26.4,259.0,443.0,8.7,14.6,61.0,0.91,86.0,1.2,2.85,,1349.0,81
2025-07-19 12:00:00+00:00,72.2,26.4,277.0,443.0,10.1,15.6,55.0,0.83,82.0,0.55,1.25,,1351.0,81
2025-07-19 13:00:00+00:00,68.9,25.8,272.0,443.0,11.1,14.7,52.0,0.8,79.0,0.2,0.35,,1351.0,80
2025-07-19 14:00:00+00:00,66.1,25.5,253.0,443.0,12.4,13.4,49.0,0.79,75.0,0.0,0.0,,1350.0,79
2025-07-19 15:00:00+00:00,65.4,25.4,234.0,443.0,13.1,12.3,46.0,0.78,70.0,0.0,0.0,,1349.0,79
2025-07-19 16:00:00+00:00,57.7,24.0,217.0,443.0,12.6,11.7,46.0,0.74,65.0,0.0,0.0,,1349.0,76
2025-07-19 17:00:00+00:00,57.9,23.5,200.0,443.0,11.5,11.3,47.0,0.81,59.0,0.0,0.0,,1350.0,75
2025-07-19 18:00:00+00:00,55.3,23.1,184.0,443.0,10.5,10.9,48.0,0.85,55.0,0.0,0.0,,1352.0,74
2025-07-19 19:00:00+00:00,58.0,24.3,171.0,443.0,9.9,10.3,48.0,0.91,52.0,0.0,0.0,,1358.0,77
2025-07-19 20:00:00+00:00,55.6,23.7,159.0,443.0,9.5,9.7,47.0,0.95,50.0,0.0,0.0,,1366.0,75
2025-07-19 21:00:00+00:00,51.5,22.3,151.0,443.0,9.1,9.1,46.0,0.9,49.0,0.0,0.0,,1370.0,72
2025-07-19 22:00:00+00:00,48.3,21.1,139.0,443.0,8.4,8.4,46.0,0.86,48.0,0.0,0.0,,1367.0,70
2025-07-19 23:00:00+00:00,49.1,20.8,130.0,444.0,7.7,7.9,45.0,0.85,47.0,0.0,0.0,,1361.0,69
2025-07-20 00:00:00+00:00,43.0,19.3,146.0,444.0,9.0,8.6,43.0,0.78,40.0,0.0,0.0,,1356.0,66
2025-07-20 01:00:00+00:00,46.0,19.8,217.0,444.0,9.7,9.4,44.0,0.75,47.0,0.0,0.0,,1355.0,67
2025-07-20 02:00:00+00:00,55.4,22.1,313.0,444.0,10.7,10.6,46.0,0.75,58.0,0.2,0.35,,1356.0,72
2025-07-20 03:00:00+00:00,64.0,24.7,370.0,444.0,11.0,11.8,49.0,0.75,68.0,1.05,1.3,,1356.0,77
2025-07-20 04:00:00+00:00,73.6,26.9,348.0,443.0,9.9,13.2,55.0,0.74,77.0,2.35,3.15,,1353.0,82
2025-07-20 05:00:00+00:00,80.1,28.6,286.0,443.0,8.1,14.6,61.0,0.72,85.0,2.6,5.65,,1349.0,86
2025-07-20 06:00:00+00:00,79.2,28.5,238.0,442.0,6.9,15.8,66.0,0.7,91.0,2.2,8.05,,1346.0,85
2025-07-20 07:00:00+00:00,79.2,28.8,226.0,442.0,6.7,16.4,67.0,0.69,94.0,2.6,9.5,,1345.0,86
2025-07-20 08:00:00+00:00,80.3,29.2,228.0,442.0,6.9,16.8,67.0,0.69,94.0,2.65,9.45,,1345.0,87
2025-07-20 09:00:00+00:00,82.2,29.6,236.0,442.0,7.5,17.1,65.0,0.68,94.0,1.6,8.05,,1345.0,88
2025-07-20 10:00:00+00:00,82.7,29.6,251.0,442.0,8.2,17.6,62.0,0.68,94.0,1.65,5.7,,1344.0,88
2025-07-20 11:00:00+00:00,81.3,28.9,272.0,442.0,9.2,18.0,59.0,0.68,94.0,1.2,3.2,,1342.0,86
2025-07-20 12:00:00+00:00,78.5,28.5,291.0,442.0,11.5,19.8,55.0,0.74,89.0,0.7,1.35,,1342.0,85
2025-07-20 13:00:00+00:00,76.6,27.5,305.0,443.0,13.2,19.1,51.0,0.78,83.0,0.2,0.35,,1346.0,83
2025-07-20 14:00:00+00:00,72.4,26.5,317.0,443.0,15.6,18.0,45.0,0.79,75.0,0.0,0.0,,1351.0,81
2025-07-20 15:00:00+00:00,63.3,24.8,321.0,444.0,17.4,16.9,40.0,0.79,67.0,0.0,0.0,,1356.0,78
2025-07-20 16:00:00+00:00,57.4,24.4,316.0,444.0,18.4,15.9,38.0,0.79,60.0,0.0,0.0,,1359.0,77
2025-07-20 17:00:00+00:00,54.6,23.9,303.0,444.0,18.8,14.9,38.0,0.78,53.0,0.0,0.0,,1360.0,76
2025-07-20 18:00:00+00:00,53.1,23.8,281.0,444.0,18.4,13.9,39.0,0.78,49.0,0.0,0.0,,1362.0,76
2025-07-20 19:00:00+00:00,52.5,23.5,244.0,444.0,16.6,12.7,41.0,0.79,51.0,0.0,0.0,,1364.0,75
2025-07-20 20:00:00+00:00,52.4,23.0,198.0,443.0,13.9,11.4,44.0,0.82,55.0,0.0,0.0,,1366.0,74
2025-07-20 21:00:00+00:00,58.1,24.7,164.0,443.0,11.7,10.3,46.0,0.87,57.0,0.0,0.0,,1366.0,77
2025-07-20 22:00:00+00:00,52.7,23.3,146.0,443.0,10.4,9.4,46.0,0.85,52.0,0.0,0.0,,1365.0,75
2025-07-20 23:00:00+00:00,48.3,21.7,141.0,444.0,9.5,8.6,45.0,0.8,45.0,0.0,0.0,,1363.0,71
2025-07-21 00:00:00+00:00,45.8,20.8,157.0,444.0,11.7,9.2,39.0,0.75,42.0,0.0,0.0,,1359.0,69
2025-07-21 01:00:00+00:00,46.8,21.5,215.0,444.0,13.0,11.0,40.0,0.79,46.0,0.0,0.0,,1352.0,71
2025-07-21 02:00:00+00:00,50.8,23.7,293.0,443.0,14.6,13.6,41.0,0.84,52.0,0.2,0.35,,1344.0,75
2025-07-21 03:00:00+00:00,59.4,25.0,341.0,443.0,15.1,15.7,44.0,0.83,58.0,0.55,1.35,,1338.0,78
2025-07-21 04:00:00+00:00,63.1,25.7,326.0,443.0,13.5,16.9,51.0,0.83,64.0,1.35,3.15,,1335.0,80
2025-07-21 05:00:00+00:00,69.2,28.9,280.0,442.0,10.8,17.7,60.0,0.94,70.0,2.0,5.5,,1334.0,86
2025-07-21 06:00:00+00:00,73.6,29.8,246.0,442.0,8.5,18.0,68.0,0.91,76.0,3.55,7.65,,1333.0,88
2025-07-21 07:00:00+00:00,78.9,31.7,240.0,442.0,6.9,17.6,74.0,0.87,81.0,5.55,9.15,,1332.0,92
2025-07-21 08:00:00+00:00,85.4,34.3,245.0,442.0,5.6,16.7,79.0,0.88,86.0,3.8,9.15,,1332.0,98
2025-07-21 09:00:00+00:00,83.4,33.1,255.0,442.0,5.0,16.0,82.0,0.84,89.0,4.0,7.75,,1333.0,95
2025-07-21 10:00:00+00:00,81.3,32.6,268.0,442.0,5.1,15.8,81.0,0.83,91.0,3.95,5.6,,1334.0,94
2025-07-21 11:00:00+00:00,79.4,31.5,284.0,442.0,6.0,15.7,78.0,0.79,91.0,2.5,3.25,,1337.0,92
2025-07-21 12:00:00+00:00,97.8,37.3,300.0,443.0,8.3,17.5,82.0,0.71,109.0,1.15,1.4,,1342.0,105
2025-07-21 13:00:00+00:00,95.0,36.1,313.0,444.0,13.4,17.3,69.0,0.66,97.0,0.35,0.4,,1353.0,102
2025-07-21 14:00:00+00:00,86.4,33.9,325.0,445.0,20.3,17.0,52.0,0.66,81.0,0.0,0.0,,1367.0,97
2025-07-21 15:00:00+00:00,71.0,32.0,334.0,446.0,25.2,16.4,39.0,0.66,68.0,0.0,0.0,,1380.0,93
2025-07-21 16:00:00+00:00,66.8,30.9,344.0,447.0,26.2,15.5,34.0,0.64,61.0,0.0,0.0,,1394.0,91
2025-07-21 17:00:00+00:00,64.5,30.4,350.0,449.0,25.1,14.3,34.0,0.63,58.0,0.0,0.0,,1408.0,89
2025-07-21 18:00:00+00:00,62.4,30.0,337.0,449.0,23.2,13.1,35.0,0.64,55.0,0.0,0.0,,1412.0,89
2025-07-21 19:00:00+00:00,60.5,29.1,286.0,447.0,20.3,11.8,37.0,0.63,52.0,0.0,0.0,,1400.0,87
2025-07-21 20:00:00+00:00,58.0,27.8,216.0,445.0,16.6,10.4,40.0,0.63,50.0,0.0,0.0,,1378.0,84
2025-07-21 21:00:00+00:00,55.5,26.6,164.0,443.0,13.6,9.4,43.0,0.64,48.0,0.0,0.0,,1362.0,81
2025-07-21 22:00:00+00:00,53.2,25.4,142.0,443.0,11.9,8.8,43.0,0.65,44.0,0.0,0.0,,1357.0,79
2025-07-21 23:00:00+00:00,50.1,24.3,138.0,443.0,10.8,8.5,43.0,0.69,41.0,0.0,0.0,,1357.0,77
2025-07-22 00:00:00+00:00,49.2,23.7,152.0,443.0,10.1,8.8,44.0,0.66,42.0,0.0,0.0,,1356.0,75
2025-07-22 01:00:00+00:00,49.2,23.5,199.0,443.0,10.4,10.2,45.0,0.66,44.0,0.0,0.0,,1349.0,75
2025-07-22 02:00:00+00:00,55.5,24.8,264.0,443.0,10.8,12.2,48.0,0.62,48.0,0.3,0.4,,1341.0,78
2025-07-22 03:00:00+00:00,57.9,24.7,304.0,443.0,10.5,13.8,52.0,0.63,55.0,1.15,1.5,,1335.0,77
2025-07-22 04:00:00+00:00,65.0,25.8,293.0,443.0,8.8,14.6,60.0,0.65,68.0,2.35,3.45,,1332.0,80
2025-07-22 05:00:00+00:00,72.4,28.1,257.0,442.0,6.5,14.9,71.0,0.64,84.0,4.25,6.05,,1332.0,85
2025-07-22 06:00:00+00:00,85.7,32.4,228.0,442.0,4.7,14.9,79.0,0.63,95.0,6.2,8.5,,1332.0,94
2025-07-22 07:00:00+00:00,78.9,30.2,219.0,442.0,3.9,14.3,83.0,0.62,97.0,7.25,9.9,,1333.0,89
2025-07-22 08:00:00+00:00,75.2,28.8,217.0,442.0,3.7,13.3,84.0,0.63,94.0,6.95,9.8,,1334.0,86
2025-07-22 09:00:00+00:00,82.0,30.5,222.0,442.0,3.9,12.5,83.0,0.66,91.0,5.6,8.3,,1335.0,90
2025-07-22 10:00:00+00:00,72.9,27.5,239.0,442.0,4.4,12.1,79.0,0.69,89.0,3.45,5.9,,1334.0,83
2025-07-22 11:00:00+00:00,73.3,27.4,263.0,442.0,5.2,11.8,71.0,0.68,86.0,2.5,3.4,,1333.0,83
2025-07-22 12:00:00+00:00,86.4,31.2,278.0,442.0,6.9,13.7,72.0,0.61,99.0,1.2,1.5,,1333.0,91
2025-07-22 13:00:00+00:00,82.7,30.0,275.0,442.0,10.8,13.4,62.0,0.64,90.0,0.3,0.4,,1334.0,89
2025-07-22 14:00:00+00:00,78.9,29.3,263.0,443.0,16.1,13.0,49.0,0.65,78.0,0.0,0.0,,1335.0,87
2025-07-22 15:00:00+00:00,67.5,28.6,251.0,443.0,19.2,12.4,40.0,0.69,68.0,0.0,0.0,,1337.0,86
2025-07-22 16:00:00+00:00,65.4,28.2,243.0,443.0,18.4,11.4,39.0,0.75,61.0,0.0,0.0,,1340.0,85
2025-07-22 17:00:00+00:00,60.1,26.4,235.0,443.0,15.4,10.1,43.0,0.8,57.0,0.0,0.0,,1344.0,81
2025-07-22 18:00:00+00:00,55.8,24.6,221.0,443.0,12.5,8.9,46.0,0.84,53.0,0.0,0.0,,1347.0,77
2025-07-22 19:00:00+00:00,51.2,22.7,195.0,443.0,10.2,7.9,48.0,0.87,50.0,0.0,0.0,,1348.0,73
2025-07-22 20:00:00+00:00,49.2,21.5,163.0,442.0,8.0,6.9,51.0,0.88,48.0,0.0,0.0,,1348.0,71
2025-07-22 21:00:00+00:00,48.8,21.0,140.0,442.0,6.3,6.3,53.0,0.89,47.0,0.0,0.0,,1347.0,70
2025-07-22 22:00:00+00:00,48.4,20.6,128.0,442.0,5.3,6.0,54.0,0.87,46.0,0.0,0.0,,1346.0,69
2025-07-22 23:00:00+00:00,48.1,20.1,126.0,441.0,4.7,6.0,55.0,0.85,46.0,0.0,0.0,,1345.0,68
2025-07-23 00:00:00+00:00,50.8,21.0,139.0,441.0,4.7,6.3,55.0,0.85,51.0,0.0,0.0,,1344.0,70
2025-07-23 01:00:00+00:00,51.2,20.9,184.0,442.0,6.0,7.1,55.0,0.85,57.0,0.0,0.0,,1343.0,70
2025-07-23 02:00:00+00:00,57.4,22.5,245.0,442.0,7.7,8.3,54.0,0.85,65.0,0.25,0.35,,1342.0,73
2025-07-23 03:00:00+00:00,65.0,24.3,284.0,443.0,8.5,9.3,56.0,0.85,72.0,1.0,1.25,,1341.0,77
2025-07-23 04:00:00+00:00,69.8,25.4,277.0,443.0,7.6,10.0,61.0,0.87,77.0,2.25,2.9,,1341.0,79
2025-07-23 05:00:00+00:00,73.6,26.4,247.0,442.0,5.9,10.6,68.0,0.91,81.0,3.25,5.05,,1341.0,81
2025-07-23 06:00:00+00:00,72.9,26.1,224.0,442.0,4.5,10.9,73.0,0.92,84.0,5.1,7.1,,1341.0,80
2025-07-23 07:00:00+00:00,73.1,26.1,218.0,442.0,3.9,10.7,75.0,0.93,86.0,4.75,8.35,,1340.0,80
2025-07-23 08:00:00+00:00,76.1,26.7,219.0,442.0,3.6,10.2,75.0,0.93,87.0,5.05,8.4,,1339.0,82
2025-07-23 09:00:00+00:00,74.7,26.8,225.0,442.0,3.7,9.8,74.0,0.89,86.0,5.1,7.15,,1338.0,82
2025-07-23 10:00:00+00:00,74.5,26.9,239.0,442.0,4.1,9.7,71.0,0.88,83.0,3.75,5.1,,1338.0,82
2025-07-23 11:00:00+00:00,69.2,25.6,259.0,442.0,4.9,9.6,66.0,0.88,79.0,2.0,2.9,,1339.0,79
2025-07-23 12:00:00+00:00,67.3,25.0,272.0,442.0,6.8,10.1,62.0,0.83,75.0,0.95,1.25,,1339.0,78
2025-07-23 13:00:00+00:00,65.4,24.6,274.0,442.0,10.3,10.1,56.0,0.85,68.0,0.2,0.3,,1339.0,77
2025-07-23 14:00:00+00:00,54.1,23.6,269.0,443.0,15.2,10.2,48.0,0.85,58.0,0.0,0.0,,1339.0,75
2025-07-23 15:00:00+00:00,53.2,24.0,262.0,443.0,18.1,10.1,42.0,0.85,50.0,0.0,0.0,,1340.0,76
2025-07-23 16:00:00+00:00,53.3,24.0,255.0,443.0,17.5,9.8,42.0,0.84,47.0,0.0,0.0,,1341.0,76
2025-07-23 17:00:00+00:00,48.9,22.5,246.0,443.0,15.1,9.4,44.0,0.83,45.0,0.0,0.0,,1342.0,73
2025-07-23 18:00:00+00:00,47.7,21.5,231.0,443.0,12.7,8.8,47.0,0.8,44.0,0.0,0.0,,1344.0,71
2025-07-23 19:00:00+00:00,46.3,20.7,206.0,443.0,10.7,8.0,49.0,0.79,42.0,0.0,0.0,,1346.0,69
2025-07-23 20:00:00+00:00,43.7,19.6,176.0,442.0,8.7,7.0,51.0,0.81,40.0,0.0,0.0,,1349.0,67
2025-07-23 21:00:00+00:00,42.8,19.0,154.0,442.0,7.1,6.4,52.0,0.81,39.0,0.0,0.0,,1351.0,66
2025-07-23 22:00:00+00:00,43.3,19.0,140.0,442.0,6.1,6.2,53.0,0.8,41.0,0.0,0.0,,1352.0,66
2025-07-23 23:00:00+00:00,45.8,19.6,134.0,442.0,5.6,6.3,53.0,0.82,44.0,0.0,0.0,,1352.0,67
2025-07-24 00:00:00+00:00,40.7,19.0,148.0,442.0,5.9,6.2,52.0,0.83,36.0,0.0,0.0,,1351.0,66
2025-07-24 01:00:00+00:00,44.6,19.9,202.0,442.0,7.3,7.4,52.0,0.83,43.0,0.0,0.0,,1349.0,67
2025-07-24 02:00:00+00:00,50.4,21.9,275.0,443.0,9.1,9.1,52.0,0.79,53.0,0.25,0.35,,1345.0,72
2025-07-24 03:00:00+00:00,60.8,24.2,320.0,443.0,9.9,10.5,55.0,0.77,64.0,1.0,1.25,,1342.0,76
2025-07-24 04:00:00+00:00,68.2,25.8,308.0,443.0,8.6,11.4,62.0,0.77,75.0,2.45,3.0,,1340.0,80
2025-07-24 05:00:00+00:00,75.0,28.1,267.0,442.0,6.2,12.0,72.0,0.8,86.0,4.25,5.25,,1338.0,85
2025-07-24 06:00:00+00:00,83.4,30.9,235.0,442.0,4.3,12.4,80.0,0.83,94.0,5.65,7.4,,1337.0,91
2025-07-24 07:00:00+00:00,85.2,32.0,224.0,442.0,3.6,12.5,84.0,0.86,95.0,6.4,8.65,,1336.0,93
2025-07-24 08:00:00+00:00,82.9,31.2,222.0,442.0,3.5,12.3,86.0,0.84,93.0,6.25,8.65,,1335.0,91
2025-07-24 09:00:00+00:00,81.0,31.0,228.0,442.0,3.7,12.2,86.0,0.82,90.0,5.8,7.4,,1334.0,91
2025-07-24 10:00:00+00:00,82.2,31.1,245.0,442.0,3.9,12.2,82.0,0.79,89.0,4.5,5.3,,1334.0,91
2025-07-24 11:00:00+00:00,79.6,30.4,270.0,442.0,4.6,12.3,76.0,0.78,88.0,2.5,3.0,,1334.0,89
2025-07-24 12:00:00+00:00,85.7,32.7,291.0,442.0,6.4,13.7,76.0,0.81,95.0,1.05,1.2,,1335.0,94
2025-07-24 13:00:00+00:00,78.0,30.0,306.0,443.0,9.7,13.7,67.0,0.88,87.0,0.25,0.3,,1337.0,89
2025-07-24 14:00:00+00:00,71.2,28.3,318.0,443.0,14.3,13.7,54.0,0.9,76.0,0.0,0.0,,1340.0,85
2025-07-24 15:00:00+00:00,66.8,28.3,323.0,444.0,17.9,13.5,44.0,0.91,66.0,0.0,0.0,,1344.0,85
2025-07-24 16:00:00+00:00,57.0,27.0,320.0,444.0,19.8,13.2,40.0,0.92,58.0,0.0,0.0,,1348.0,82
2025-07-24 17:00:00+00:00,55.1,26.1,309.0,444.0,20.7,12.8,39.0,0.92,51.0,0.0,0.0,,1352.0,80
2025-07-24 18:00:00+00:00,53.0,25.5,290.0,444.0,20.5,12.1,39.0,0.94,45.0,0.0,0.0,,1356.0,79
2025-07-24 19:00:00+00:00,51.2,24.6,257.0,444.0,18.5,11.0,41.0,0.96,41.0,0.0,0.0,,1360.0,77
2025-07-24 20:00:00+00:00,48.1,23.3,215.0,444.0,15.4,9.6,43.0,0.97,39.0,0.0,0.0,,1365.0,75
2025-07-24 21:00:00+00:00,44.9,21.9,183.0,444.0,12.6,8.5,46.0,0.96,37.0,0.0,0.0,,1367.0,72
2025-07-24 22:00:00+00:00,42.3,20.7,162.0,444.0,10.6,7.9,48.0,0.93,34.0,0.0,0.0,,1367.0,69
2025-07-24 23:00:00+00:00,40.6,19.8,151.0,444.0,8.9,7.6,49.0,0.9,32.0,0.0,0.0,,1365.0,67
2025-07-25 00:00:00+00:00,40.4,19.6,163.0,444.0,8.9,8.0,50.0,0.86,34.0,0.0,0.0,,1362.0,67
2025-07-25 01:00:00+00:00,41.6,19.7,221.0,444.0,9.9,9.3,50.0,0.87,39.0,0.0,0.0,,1357.0,67
2025-07-25 02:00:00+00:00,50.1,21.4,302.0,444.0,11.2,11.1,51.0,0.82,47.0,0.25,0.3,,1350.0,71
2025-07-25 03:00:00+00:00,55.1,22.4,349.0,444.0,11.5,12.8,55.0,0.82,56.0,0.95,1.2,,1344.0,73
2025-07-25 04:00:00+00:00,61.2,23.2,329.0,443.0,9.8,14.2,65.0,0.83,66.0,2.15,2.85,,1339.0,74
2025-07-25 05:00:00+00:00,69.2,25.0,275.0,443.0,7.2,15.4,77.0,0.83,77.0,4.0,5.1,,1335.0,78
2025-07-25 06:00:00+00:00,74.5,26.1,235.0,442.0,5.2,16.0,86.0,0.82,86.0,5.45,7.25,,1332.0,80
2025-07-25 07:00:00+00:00,77.1,26.4,228.0,442.0,4.5,15.5,88.0,0.83,91.0,5.55,8.5,,1332.0,81
2025-07-25 08:00:00+00:00,78.7,26.3,235.0,442.0,4.4,14.4,85.0,0.82,95.0,5.2,8.5,,1333.0,81
2025-07-25 09:00:00+00:00,79.9,26.0,246.0,442.0,4.6,13.4,82.0,0.84,97.0,4.05,7.2,,1335.0,80
2025-07-25 10:00:00+00:00,82.7,26.5,260.0,442.0,5.1,12.8,78.0,0.81,99.0,3.85,5.1,,1336.0,81
2025-07-25 11:00:00+00:00,82.0,25.6,277.0,443.0,5.8,12.3,72.0,0.8,101.0,2.3,2.9,,1337.0,79
2025-07-25 12:00:00+00:00,98.0,29.5,287.0,443.0,6.3,13.1,71.0,0.76,124.0,1.2,1.25,,1339.0,88
2025-07-25 13:00:00+00:00,94.5,28.1,284.0,443.0,9.3,13.0,64.0,0.77,114.0,0.3,0.3,,1341.0,85
2025-07-25 14:00:00+00:00,90.3,27.1,274.0,443.0,13.3,12.8,55.0,0.76,99.0,0.0,0.0,,1343.0,83
2025-07-25 15:00:00+00:00,74.3,25.6,266.0,443.0,16.1,12.4,48.0,0.76,86.0,0.0,0.0,,1346.0,79
2025-07-25 16:00:00+00:00,67.3,25.2,266.0,444.0,16.6,11.8,47.0,0.77,75.0,0.0,0.0,,1350.0,79
2025-07-25 17:00:00+00:00,63.3,24.8,267.0,444.0,16.0,10.9,48.0,0.78,64.0,0.0,0.0,,1355.0,78
2025-07-25 18:00:00+00:00,57.3,23.7,259.0,445.0,14.8,10.1,50.0,0.79,57.0,0.0,0.0,,1359.0,75
2025-07-25 19:00:00+00:00,54.1,22.8,232.0,445.0,13.1,9.2,51.0,0.8,54.0,0.0,0.0,,1362.0,74
2025-07-25 20:00:00+00:00,58.3,23.6,196.0,444.0,11.0,8.3,53.0,0.85,54.0,0.0,0.0,,1365.0,75
2025-07-25 21:00:00+00:00,54.7,22.5,169.0,444.0,9.3,7.8,54.0,0.83,54.0,0.0,0.0,,1366.0,73
2025-07-25 22:00:00+00:00,51.9,21.7,153.0,444.0,8.2,7.7,54.0,0.8,52.0,0.0,0.0,,1366.0,71
2025-07-25 23:00:00+00:00,51.7,21.4,145.0,444.0,7.6,7.9,54.0,0.75,49.0,0.0,0.0,,1364.0,71
2025-07-26 00:00:00+00:00,50.6,20.9,159.0,444.0,7.5,8.3,56.0,0.81,50.0,0.0,0.0,,1362.0,70
2025-07-26 01:00:00+00:00,53.7,21.1,216.0,444.0,9.5,9.9,55.0,0.83,58.0,0.0,0.0,,1359.0,70
2025-07-26 02:00:00+00:00,61.7,22.9,293.0,445.0,12.2,12.1,55.0,0.81,69.0,0.15,0.3,,1356.0,74
2025-07-26 03:00:00+00:00,69.8,24.7,338.0,445.0,13.4,13.9,57.0,0.79,80.0,0.55,1.2,,1352.0,77
2025-07-26 04:00:00+00:00,79.6,26.4,316.0,445.0,11.9,14.9,64.0,0.79,91.0,1.4,2.9,,1348.0,81
2025-07-26 05:00:00+00:00,85.9,27.8,262.0,444.0,8.9,15.5,73.0,0.8,103.0,2.45,5.1,,1344.0,84
2025-07-26 06:00:00+00:00,89.4,28.8,220.0,443.0,6.4,15.5,81.0,0.79,110.0,4.25,7.25,,1341.0,86
2025-07-26 07:00:00+00:00,91.7,29.9,210.0,443.0,4.9,14.6,87.0,0.81,112.0,6.25,8.55,,1339.0,88
2025-07-26 08:00:00+00:00,87.1,29.2,213.0,442.0,3.9,13.2,91.0,0.83,109.0,6.45,8.45,,1337.0,87
2025-07-26 09:00:00+00:00,86.1,28.8,221.0,442.0,3.5,12.1,92.0,0.83,105.0,5.3,7.15,,1336.0,86
2025-07-26 10:00:00+00:00,81.7,27.6,234.0,442.0,3.9,11.5,87.0,0.84,98.0,3.3,5.0,,1335.0,84
2025-07-26 11:00:00+00:00,75.9,25.8,251.0,442.0,5.0,11.2,78.0,0.86,89.0,1.95,2.75,,1335.0,80
2025-07-26 12:00:00+00:00,92.0,30.9,264.0,442.0,6.1,11.3,72.0,0.96,108.0,0.95,1.05,,1336.0,91
2025-07-26 13:00:00+00:00,88.0,30.2,269.0,443.0,8.7,11.5,66.0,1.03,100.0,0.25,0.25,,1338.0,89
2025-07-26 14:00:00+00:00,83.6,29.7,269.0,443.0,12.2,11.7,57.0,1.04,88.0,0.0,0.0,,1341.0,88
2025-07-26 15:00:00+00:00,75.4,29.3,264.0,444.0,14.7,11.8,51.0,1.09,79.0,0.0,0.0,,1344.0,87
2025-07-26 16:00:00+00:00,71.7,29.0,252.0,444.0,15.5,11.6,49.0,1.08,75.0,0.0,0.0,,1345.0,87
2025-07-26 17:00:00+00:00,71.2,29.1,235.0,444.0,15.2,11.3,49.0,1.08,73.0,0.0,0.0,,1345.0,87
2025-07-26 18:00:00+00:00,71.9,29.3,216.0,444.0,14.5,10.9,50.0,1.08,72.0,0.0,0.0,,1346.0,87
2025-07-26 19:00:00+00:00,72.9,29.3,193.0,444.0,13.1,10.2,51.0,1.09,73.0,0.0,0.0,,1349.0,87
2025-07-26 20:00:00+00:00,98.0,36.7,168.0,444.0,11.3,9.4,52.0,1.13,76.0,0.0,0.0,,1352.0,104
2025-07-26 21:00:00+00:00,75.9,30.6,152.0,444.0,9.6,8.8,54.0,1.14,76.0,0.0,0.0,,1355.0,90
2025-07-26 22:00:00+00:00,72.6,29.4,146.0,444.0,8.2,8.3,55.0,1.11,72.0,0.0,0.0,,1358.0,87
2025-07-26 23:00:00+00:00,68.0,27.6,149.0,444.0,7.1,8.0,57.0,1.12,65.0,0.0,0.0,,1361.0,84
2025-07-27 00:00:00+00:00,49.2,21.0,164.0,444.0,5.0,7.2,62.0,1.08,47.0,0.0,0.0,,1361.0,70
2025-07-27 01:00:00+00:00,53.0,21.7,204.0,444.0,7.0,8.5,61.0,1.08,53.0,0.0,0.0,,1356.0,71
2025-07-27 02:00:00+00:00,62.2,23.4,256.0,443.0,9.7,10.3,59.0,1.03,61.0,0.15,0.25,,1348.0,75
2025-07-27 03:00:00+00:00,63.8,23.9,286.0,443.0,11.2,11.8,60.0,0.96,68.0,0.7,1.1,,1341.0,76
2025-07-27 04:00:00+00:00,67.3,24.3,273.0,443.0,10.2,12.9,65.0,0.93,72.0,1.7,2.75,,1338.0,77
2025-07-27 05:00:00+00:00,65.9,23.8,238.0,442.0,7.9,13.6,72.0,0.92,75.0,2.45,5.05,,1336.0,76
2025-07-27 06:00:00+00:00,68.2,24.2,212.0,442.0,6.0,13.9,78.0,0.89,77.0,4.3,7.35,,1335.0,76
2025-07-27 07:00:00+00:00,68.0,24.3,206.0,442.0,4.8,13.3,82.0,0.86,78.0,5.8,8.85,,1334.0,77
2025-07-27 08:00:00+00:00,68.0,24.6,209.0,442.0,3.8,12.1,85.0,0.84,78.0,6.35,8.95,,1333.0,77
2025-07-27 09:00:00+00:00,69.2,24.8,217.0,442.0,3.7,11.3,85.0,0.86,78.0,5.0,7.5,,1333.0,78
2025-07-27 10:00:00+00:00,66.6,24.3,233.0,442.0,4.8,11.3,80.0,0.85,76.0,2.95,5.25,,1334.0,77
2025-07-27 11:00:00+00:00,65.7,23.8,254.0,442.0,6.6,11.6,72.0,0.83,74.0,1.7,2.95,,1335.0,76
2025-07-27 12:00:00+00:00,69.6,26.5,268.0,442.0,7.1,12.9,72.0,0.87,74.0,0.9,1.2,,1337.0,81
2025-07-27 13:00:00+00:00,71.7,26.9,270.0,442.0,9.2,13.0,66.0,0.81,73.0,0.15,0.3,,1338.0,82
2025-07-27 14:00:00+00:00,78.0,29.3,265.0,443.0,12.2,13.1,58.0,0.79,72.0,0.0,0.0,,1339.0,87
2025-07-27 15:00:00+00:00,68.5,27.2,258.0,443.0,14.6,13.1,52.0,0.79,70.0,0.0,0.0,,1341.0,83
2025-07-27 16:00:00+00:00,63.6,26.8,253.0,443.0,16.1,12.9,48.0,0.8,66.0,0.0,0.0,,1343.0,82
2025-07-27 17:00:00+00:00,63.8,27.4,245.0,444.0,17.1,12.5,46.0,0.79,61.0,0.0,0.0,,1346.0,83
2025-07-27 18:00:00+00:00,61.0,26.1,232.0,444.0,16.8,11.9,46.0,0.77,59.0,0.0,0.0,,1348.0,80
2025-07-27 19:00:00+00:00,58.8,24.3,207.0,444.0,14.5,11.0,48.0,0.8,61.0,0.0,0.0,,1351.0,77
2025-07-27 20:00:00+00:00,56.6,22.8,176.0,443.0,11.1,9.9,52.0,0.82,65.0,0.0,0.0,,1354.0,74
2025-07-27 21:00:00+00:00,64.5,24.3,152.0,443.0,8.3,9.0,55.0,0.84,68.0,0.0,0.0,,1355.0,77
2025-07-27 22:00:00+00:00,58.1,21.5,136.0,443.0,6.6,8.4,57.0,0.86,68.0,0.0,0.0,,1354.0,71
2025-07-27 23:00:00+00:00,56.8,20.2,128.0,442.0,5.6,7.9,58.0,0.88,66.0,0.0,0.0,,1351.0,68
2025-07-28 00:00:00+00:00,52.5,18.6,137.0,442.0,5.6,7.7,58.0,1.0,58.0,0.0,0.0,,1348.0,65
2025-07-28 01:00:00+00:00,68.0,21.3,180.0,442.0,6.9,8.3,57.0,0.99,66.0,0.0,0.0,,1344.0,70
2025-07-28 02:00:00+00:00,70.8,19.8,241.0,443.0,8.7,9.2,57.0,0.94,76.0,0.15,0.25,,1340.0,67
2025-07-28 03:00:00+00:00,68.0,20.0,277.0,443.0,9.5,10.0,58.0,0.88,85.0,0.8,1.1,,1337.0,68
2025-07-28 04:00:00+00:00,70.5,20.4,264.0,443.0,8.3,10.6,63.0,0.83,91.0,2.4,2.8,,1334.0,68
2025-07-28 05:00:00+00:00,75.0,21.9,226.0,442.0,6.1,11.2,70.0,0.82,94.0,3.7,5.2,,1332.0,72
2025-07-28 06:00:00+00:00,75.9,22.4,199.0,442.0,4.4,11.4,76.0,0.85,96.0,4.7,7.3,,1331.0,73
2025-07-28 07:00:00+00:00,74.0,22.5,194.0,442.0,3.6,11.1,79.0,0.9,94.0,5.55,8.45,,1331.0,73
2025-07-28 08:00:00+00:00,73.1,22.9,200.0,442.0,3.3,10.5,80.0,0.94,90.0,5.9,8.2,,1331.0,74
2025-07-28 09:00:00+00:00,72.2,23.1,211.0,442.0,3.4,9.9,79.0,0.99,87.0,5.1,6.7,,1331.0,74
2025-07-28 10:00:00+00:00,72.6,23.0,231.0,442.0,4.0,9.6,75.0,1.01,87.0,3.6,4.55,,1331.0,74
2025-07-28 11:00:00+00:00,71.5,22.2,258.0,442.0,5.1,9.3,69.0,1.02,88.0,2.0,2.5,,1331.0,72
2025-07-28 12:00:00+00:00,79.4,24.3,275.0,442.0,6.3,10.1,64.0,1.07,98.0,0.75,1.0,,1332.0,77
2025-07-28 13:00:00+00:00,79.6,24.4,276.0,442.0,8.2,10.0,60.0,1.04,94.0,0.2,0.25,,1333.0,77
2025-07-28 14:00:00+00:00,75.7,23.8,269.0,443.0,10.9,9.9,53.0,1.0,89.0,0.0,0.0,,1335.0,76
2025-07-28 15:00:00+00:00,71.9,23.5,260.0,443.0,12.7,9.8,49.0,0.99,84.0,0.0,0.0,,1337.0,75
2025-07-28 16:00:00+00:00,69.2,23.7,256.0,443.0,13.2,9.8,48.0,0.97,79.0,0.0,0.0,,1340.0,75
2025-07-28 17:00:00+00:00,66.6,23.5,250.0,444.0,12.9,9.7,49.0,0.97,74.0,0.0,0.0,,1345.0,75
2025-07-28 18:00:00+00:00,63.8,23.0,237.0,444.0,12.0,9.5,50.0,0.98,69.0,0.0,0.0,,1347.0,74
2025-07-28 19:00:00+00:00,62.2,22.7,207.0,443.0,10.4,8.9,51.0,1.01,64.0,0.0,0.0,,1347.0,73
2025-07-28 20:00:00+00:00,57.6,21.1,170.0,443.0,8.2,8.0,53.0,1.04,60.0,0.0,0.0,,1345.0,70
2025-07-28 21:00:00+00:00,53.4,19.5,141.0,442.0,6.4,7.3,55.0,1.05,56.0,0.0,0.0,,1343.0,67
2025-07-28 22:00:00+00:00,49.7,18.0,124.0,442.0,5.3,6.8,56.0,1.04,52.0,0.0,0.0,,1342.0,63
2025-07-28 23:00:00+00:00,46.6,17.1,116.0,442.0,4.5,6.4,57.0,0.99,48.0,0.0,0.0,,1341.0,62
2025-07-29 00:00:00+00:00,47.0,17.0,125.0,442.0,4.7,6.5,57.0,0.92,50.0,0.0,0.0,,1339.0,61
2025-07-29 01:00:00+00:00,45.9,16.8,166.0,442.0,5.9,7.1,56.0,0.9,52.0,0.0,0.0,,1337.0,61
2025-07-29 02:00:00+00:00,49.1,17.9,223.0,442.0,7.5,7.8,55.0,0.84,56.0,0.25,0.3,,1334.0,63
2025-07-29 03:00:00+00:00,54.2,19.6,257.0,442.0,8.3,8.5,56.0,0.83,59.0,0.9,1.15,,1332.0,67
2025-07-29 04:00:00+00:00,60.1,21.0,245.0,442.0,7.4,9.0,60.0,0.85,61.0,2.15,2.8,,1331.0,70
2025-07-29 05:00:00+00:00,61.2,21.7,211.0,441.0,5.6,9.4,65.0,0.87,64.0,3.2,5.05,,1330.0,71
2025-07-29 06:00:00+00:00,59.8,21.7,185.0,441.0,4.2,9.5,69.0,0.85,65.0,4.55,7.25,,1330.0,71
2025-07-29 07:00:00+00:00,60.1,22.0,180.0,441.0,3.4,9.1,72.0,0.85,65.0,6.45,8.6,,1330.0,72
2025-07-29 08:00:00+00:00,58.2,21.4,183.0,441.0,2.9,8.5,74.0,0.83,65.0,6.35,8.7,,1329.0,71
2025-07-29 09:00:00+00:00,58.0,20.8,191.0,441.0,2.9,8.1,74.0,0.8,64.0,5.85,7.4,,1329.0,69
2025-07-29 10:00:00+00:00,58.6,20.7,205.0,441.0,3.3,8.2,72.0,0.77,63.0,4.45,5.2,,1328.0,69
2025-07-29 11:00:00+00:00,56.1,19.8,225.0,441.0,4.1,8.4,68.0,0.74,62.0,2.55,2.95,,1328.0,67
2025-07-29 12:00:00+00:00,61.0,21.8,239.0,441.0,5.4,9.1,65.0,0.64,66.0,1.25,1.3,,1328.0,71
2025-07-29 13:00:00+00:00,54.0,20.4,245.0,442.0,7.9,8.9,60.0,0.63,58.0,0.25,0.35,,1330.0,68
2025-07-29 14:00:00+00:00,49.9,20.2,246.0,442.0,11.3,8.7,54.0,0.61,46.0,0.0,0.0,,1334.0,68
2025-07-29 15:00:00+00:00,43.9,19.7,245.0,443.0,13.6,8.6,49.0,0.61,38.0,0.0,0.0,,1337.0,67
2025-07-29 16:00:00+00:00,46.0,20.9,246.0,443.0,13.9,8.9,48.0,0.61,37.0,0.0,0.0,,1340.0,70
2025-07-29 17:00:00+00:00,53.9,23.9,244.0,443.0,13.1,9.4,49.0,0.66,39.0,0.0,0.0,,1344.0,76
2025-07-29 18:00:00+00:00,48.8,22.4,234.0,443.0,12.0,9.6,50.0,0.7,41.0,0.0,0.0,,1346.0,73
2025-07-29 19:00:00+00:00,48.0,22.0,207.0,443.0,10.5,9.2,51.0,0.73,42.0,0.0,0.0,,1347.0,72
2025-07-29 20:00:00+00:00,47.8,21.4,171.0,442.0,8.7,8.6,53.0,0.74,42.0,0.0,0.0,,1347.0,71
2025-07-29 21:00:00+00:00,48.7,20.9,144.0,442.0,7.2,8.0,54.0,0.74,44.0,0.0,0.0,,1346.0,70
2025-07-29 22:00:00+00:00,50.4,20.7,128.0,442.0,6.1,7.4,55.0,0.74,47.0,0.0,0.0,,1344.0,69
2025-07-29 23:00:00+00:00,51.8,20.6,119.0,442.0,5.3,6.9,55.0,0.74,51.0,0.0,0.0,,1342.0,69
2025-07-30 00:00:00+00:00,53.2,20.7,128.0,442.0,5.2,6.7,55.0,0.72,55.0,0.0,0.0,,1339.0,69
2025-07-30 01:00:00+00:00,53.4,20.9,169.0,442.0,6.4,6.9,54.0,0.71,58.0,0.0,0.0,,1336.0,70
2025-07-30 02:00:00+00:00,60.3,22.6,227.0,442.0,8.3,7.4,53.0,0.72,61.0,0.25,0.3,,1333.0,73
2025-07-30 03:00:00+00:00,60.8,23.1,262.0,442.0,9.2,8.1,53.0,0.76,64.0,0.8,1.15,,1330.0,74
2025-07-30 04:00:00+00:00,65.7,24.1,251.0,442.0,8.3,9.0,57.0,0.81,68.0,1.65,2.8,,1329.0,76
2025-07-30 05:00:00+00:00,66.6,24.1,218.0,441.0,6.4,10.0,63.0,0.85,73.0,2.55,4.95,,1328.0,76
2025-07-30 06:00:00+00:00,68.9,24.7,195.0,441.0,4.9,10.8,68.0,0.87,77.0,4.05,6.95,,1328.0,77
2025-07-30 07:00:00+00:00,70.1,25.1,194.0,441.0,4.1,11.1,73.0,0.9,79.0,4.85,8.15,,1327.0,78
2025-07-30 08:00:00+00:00,71.5,25.7,203.0,441.0,3.7,11.1,78.0,0.92,79.0,5.7,7.95,,1327.0,80
2025-07-30 09:00:00+00:00,72.9,26.4,216.0,441.0,3.8,11.1,80.0,0.93,81.0,4.9,6.6,,1326.0,81
2025-07-30 10:00:00+00:00,73.6,26.3,232.0,441.0,4.1,11.3,79.0,0.92,86.0,3.55,4.55,,1325.0,81
2025-07-30 11:00:00+00:00,79.2,27.3,252.0,442.0,4.8,11.5,75.0,0.91,92.0,2.05,2.5,,1325.0,83
2025-07-30 12:00:00+00:00,83.6,27.4,270.0,442.0,7.6,11.9,65.0,0.87,100.0,0.6,1.05,,1326.0,83
2025-07-30 13:00:00+00:00,85.0,27.4,284.0,442.0,10.0,11.9,60.0,0.87,96.0,0.15,0.3,,1329.0,83
2025-07-30 14:00:00+00:00,80.6,27.5,296.0,443.0,13.3,11.8,53.0,0.86,91.0,0.0,0.0,,1333.0,83
2025-07-30 15:00:00+00:00,77.1,27.5,302.0,443.0,15.6,11.7,48.0,0.86,86.0,0.0,0.0,,1337.0,83
2025-07-30 16:00:00+00:00,71.9,27.4,302.0,443.0,16.4,11.5,46.0,0.86,80.0,0.0,0.0,,1342.0,83
2025-07-30 17:00:00+00:00,69.4,27.0,296.0,444.0,16.2,11.3,46.0,0.86,74.0,0.0,0.0,,1347.0,82
2025-07-30 18:00:00+00:00,68.5,26.9,280.0,444.0,15.3,10.9,46.0,0.86,70.0,0.0,0.0,,1351.0,82
2025-07-30 19:00:00+00:00,65.4,26.2,245.0,444.0,13.3,10.2,48.0,0.88,68.0,0.0,0.0,,1353.0,81
2025-07-30 20:00:00+00:00,65.2,25.3,201.0,443.0,10.7,9.4,50.0,0.85,69.0,0.0,0.0,,1354.0,79
2025-07-30 21:00:00+00:00,65.2,24.6,169.0,443.0,8.6,8.7,52.0,0.83,68.0,0.0,0.0,,1357.0,77
2025-07-30 22:00:00+00:00,64.3,23.9,155.0,444.0,7.6,8.2,52.0,0.83,65.0,0.0,0.0,,1364.0,76
2025-07-30 23:00:00+00:00,61.2,23.0,154.0,445.0,7.2,7.9,51.0,0.82,61.0,0.0,0.0,,1373.0,74
2025-07-31 00:00:00+00:00,72.4,25.4,170.0,445.0,9.4,9.6,50.0,0.84,82.0,0.0,0.0,,1376.0,79
2025-07-31 01:00:00+00:00,71.9,25.0,219.0,445.0,10.1,10.6,51.0,0.8,88.0,0.0,0.0,,1367.0,78
2025-07-31 02:00:00+00:00,82.2,26.5,284.0,444.0,11.1,12.1,52.0,0.77,97.0,0.25,0.3,,1351.0,81
2025-07-31 03:00:00+00:00,87.5,27.6,323.0,443.0,11.3,13.3,55.0,0.8,105.0,0.85,1.2,,1339.0,84
2025-07-31 04:00:00+00:00,93.8,29.1,308.0,443.0,10.0,14.3,61.0,0.83,110.0,1.75,2.85,,1335.0,87
2025-07-31 05:00:00+00:00,94.8,29.6,265.0,442.0,8.0,15.1,68.0,0.88,114.0,2.75,4.9,,1333.0,88
2025-07-31 06:00:00+00:00,95.5,30.5,233.0,442.0,6.3,15.3,74.0,0.95,116.0,3.9,6.85,,1333.0,90
2025-07-31 07:00:00+00:00,94.1,30.3,223.0,442.0,5.2,14.5,78.0,1.0,114.0,4.85,7.95,,1332.0,89
2025-07-31 08:00:00+00:00,92.0,30.0,224.0,442.0,4.3,13.2,81.0,1.09,110.0,5.35,7.65,,1332.0,89
2025-07-31 09:00:00+00:00,87.5,28.6,232.0,442.0,4.1,12.2,81.0,1.15,105.0,3.85,6.2,,1332.0,86
2025-07-31 10:00:00+00:00,81.3,27.0,252.0,442.0,4.6,11.9,77.0,1.16,98.0,2.9,4.2,,1332.0,82
2025-07-31 11:00:00+00:00,76.1,25.7,280.0,442.0,5.7,12.0,71.0,1.2,90.0,1.7,2.25,,1331.0,80
2025-07-31 12:00:00+00:00,78.2,27.6,301.0,442.0,7.5,12.4,63.0,1.31,88.0,0.65,0.85,,1332.0,84
2025-07-31 13:00:00+00:00,74.7,27.0,308.0,442.0,12.2,12.7,55.0,1.3,78.0,0.15,0.2,,1334.0,82
2025-07-31 14:00:00+00:00,83.6,31.1,308.0,443.0,18.7,13.2,43.0,1.28,64.0,0.0,0.0,,1337.0,91
2025-07-31 15:00:00+00:00,58.7,26.6,306.0,443.0,23.2,13.4,35.0,1.26,52.0,0.0,0.0,,1340.0,81
2025-07-31 16:00:00+00:00,52.0,25.7,305.0,443.0,24.0,13.4,33.0,1.24,44.0,0.0,0.0,,1343.0,80
2025-07-31 17:00:00+00:00,48.7,25.1,301.0,444.0,22.8,13.2,34.0,1.19,38.0,0.0,0.0,,1347.0,78
2025-07-31 18:00:00+00:00,47.8,24.7,288.0,444.0,21.0,12.7,35.0,1.13,35.0,0.0,0.0,,1351.0,77
2025-07-31 19:00:00+00:00,47.7,24.0,258.0,444.0,18.5,11.6,37.0,1.06,35.0,0.0,0.0,,1356.0,76
2025-07-31 20:00:00+00:00,48.5,23.2,220.0,444.0,15.4,10.2,39.0,1.03,38.0,0.0,0.0,,1362.0,74
2025-07-31 21:00:00+00:00,48.5,22.6,190.0,444.0,12.8,9.2,41.0,1.06,40.0,0.0,0.0,,1367.0,73
2025-07-31 22:00:00+00:00,47.4,21.8,173.0,444.0,11.2,8.7,42.0,1.01,40.0,0.0,0.0,,1374.0,71
2025-07-31 23:00:00+00:00,46.4,20.9,165.0,445.0,10.2,8.6,41.0,0.99,38.0,0.0,0.0,,1381.0,70
2025-08-01 00:00:00+00:00,45.8,19.7,174.0,445.0,8.4,8.7,45.0,0.94,41.0,0.0,0.0,,1382.0,67
2025-08-01 01:00:00+00:00,45.2,19.3,217.0,445.0,9.0,9.4,46.0,0.91,44.0,0.0,0.0,,1371.0,66
2025-08-01 02:00:00+00:00,51.0,20.3,277.0,444.0,9.8,10.4,48.0,0.88,49.0,0.25,0.25,,1353.0,68
2025-08-01 03:00:00+00:00,54.1,20.5,312.0,443.0,9.9,11.3,51.0,0.89,55.0,0.9,1.05,,1339.0,69
2025-08-01 04:00:00+00:00,64.7,21.8,295.0,443.0,8.6,12.0,58.0,0.91,63.0,2.1,2.6,,1334.0,71
2025-08-01 05:00:00+00:00,69.2,23.1,253.0,442.0,6.6,12.6,66.0,0.93,71.0,3.55,4.7,,1332.0,74
2025-08-01 06:00:00+00:00,67.5,23.1,220.0,442.0,5.0,12.9,73.0,0.95,76.0,4.45,6.65,,1332.0,74
2025-08-01 07:00:00+00:00,68.0,23.6,209.0,442.0,4.2,12.6,76.0,0.95,75.0,5.65,7.95,,1331.0,75
2025-08-01 08:00:00+00:00,64.0,23.1,208.0,442.0,3.9,11.8,78.0,0.94,72.0,5.2,7.95,,1332.0,74
2025-08-01 09:00:00+00:00,62.6,22.7,215.0,442.0,4.0,11.3,77.0,0.93,68.0,4.1,6.8,,1332.0,73
2025-08-01 10:00:00+00:00,58.6,21.9,234.0,442.0,4.4,11.1,74.0,0.9,66.0,3.35,4.75,,1332.0,72
2025-08-01 11:00:00+00:00,57.3,21.3,262.0,442.0,5.3,11.1,68.0,0.91,64.0,1.8,2.6,,1333.0,70
2025-08-01 12:00:00+00:00,72.6,25.5,282.0,442.0,7.0,11.7,63.0,0.92,81.0,0.75,1.05,,1334.0,79
2025-08-01 13:00:00+00:00,83.8,28.1,290.0,442.0,11.0,11.8,56.0,0.92,73.0,0.2,0.25,,1337.0,85
2025-08-01 14:00:00+00:00,69.6,25.8,291.0,443.0,16.6,12.0,45.0,0.94,61.0,0.0,0.0,,1340.0,80
2025-08-01 15:00:00+00:00,58.2,25.1,288.0,443.0,20.5,12.1,38.0,0.93,55.0,0.0,0.0,,1344.0,78
2025-08-01 16:00:00+00:00,58.4,25.4,285.0,443.0,21.5,12.1,36.0,0.94,60.0,0.0,0.0,,1348.0,79
2025-08-01 17:00:00+00:00,57.7,25.3,278.0,444.0,20.9,12.0,36.0,0.95,70.0,0.0,0.0,,1352.0,79
2025-08-01 18:00:00+00:00,73.6,29.0,261.0,444.0,19.6,11.7,37.0,0.95,75.0,0.0,0.0,,1354.0,87
2025-08-01 19:00:00+00:00,59.8,25.6,226.0,444.0,17.4,10.9,39.0,0.96,70.0,0.0,0.0,,1354.0,79
2025-08-01 20:00:00+00:00,58.2,24.4,181.0,443.0,14.5,9.9,42.0,0.98,61.0,0.0,0.0,,1352.0,77
2025-08-01 21:00:00+00:00,56.7,23.2,148.0,443.0,11.9,9.1,44.0,0.99,55.0,0.0,0.0,,1351.0,74
2025-08-01 22:00:00+00:00,56.8,22.2,130.0,443.0,9.8,8.5,46.0,0.99,56.0,0.0,0.0,,1352.0,72
2025-08-01 23:00:00+00:00,59.1,21.9,124.0,443.0,8.1,8.2,48.0,0.95,61.0,0.0,0.0,,1354.0,72
2025-08-02 00:00:00+00:00,56.9,20.8,138.0,443.0,6.8,7.9,51.0,0.95,62.0,0.0,0.0,,1354.0,69
2025-08-02 01:00:00+00:00,58.7,20.4,194.0,443.0,8.5,8.5,51.0,0.99,66.0,0.0,0.0,,1350.0,68
2025-08-02 02:00:00+00:00,64.0,21.1,271.0,443.0,10.8,9.3,50.0,1.0,71.0,0.15,0.25,,1345.0,70
2025-08-02 03:00:00+00:00,63.6,20.7,316.0,443.0,12.2,10.2,51.0,1.01,75.0,0.4,1.0,,1340.0,69
2025-08-02 04:00:00+00:00,68.0,20.5,297.0,442.0,11.8,11.2,53.0,1.02,76.0,0.65,2.55,,1336.0,69
2025-08-02 05:00:00+00:00,67.1,20.0,246.0,442.0,10.5,12.1,56.0,0.98,75.0,1.05,4.65,,1333.0,68
2025-08-02 06:00:00+00:00,61.9,19.3,207.0,441.0,9.2,12.7,59.0,0.96,75.0,1.6,6.8,,1331.0,66
2025-08-02 07:00:00+00:00,64.5,19.4,197.0,441.0,7.8,12.6,62.0,0.93,77.0,2.45,8.15,,1331.0,66
2025-08-02 08:00:00+00:00,65.4,19.3,199.0,441.0,6.5,12.0,65.0,0.9,79.0,2.65,8.25,,1332.0,66
2025-08-02 09:00:00+00:00,64.7,19.3,209.0,441.0,5.8,11.6,66.0,0.9,80.0,2.25,6.95,,1333.0,66
2025-08-02 10:00:00+00:00,62.6,19.2,228.0,441.0,6.1,11.5,65.0,0.9,78.0,1.8,4.85,,1333.0,66
2025-08-02 11:00:00+00:00,60.5,19.2,255.0,442.0,7.2,11.5,62.0,0.9,75.0,1.0,2.65,,1333.0,66
2025-08-02 12:00:00+00:00,78.0,23.6,277.0,442.0,9.1,11.9,57.0,0.91,95.0,0.45,1.05,,1334.0,75
2025-08-02 13:00:00+00:00,74.0,23.7,290.0,442.0,12.9,11.8,51.0,0.93,84.0,0.1,0.25,,1337.0,75
2025-08-02 14:00:00+00:00,65.9,23.6,299.0,443.0,18.1,11.6,43.0,0.95,69.0,0.0,0.0,,1341.0,75
2025-08-02 15:00:00+00:00,58.8,23.7,299.0,443.0,21.4,11.3,38.0,0.93,58.0,0.0,0.0,,1344.0,75
2025-08-02 16:00:00+00:00,55.1,23.2,289.0,443.0,21.2,11.0,37.0,0.94,53.0,0.0,0.0,,1347.0,74
2025-08-02 17:00:00+00:00,54.2,22.8,272.0,443.0,19.2,10.7,39.0,0.94,52.0,0.0,0.0,,1349.0,74
2025-08-02 18:00:00+00:00,53.6,22.4,248.0,443.0,16.9,10.2,41.0,0.94,51.0,0.0,0.0,,1351.0,73
2025-08-02 19:00:00+00:00,51.1,21.5,213.0,443.0,14.5,9.5,43.0,0.96,49.0,0.0,0.0,,1352.0,71
2025-08-02 20:00:00+00:00,49.0,20.2,172.0,442.0,11.9,8.7,45.0,0.98,48.0,0.0,0.0,,1353.0,68
2025-08-02 21:00:00+00:00,47.8,19.2,142.0,442.0,9.7,8.0,47.0,0.97,47.0,0.0,0.0,,1353.0,66
2025-08-02 22:00:00+00:00,47.4,18.5,125.0,442.0,8.1,7.5,48.0,0.95,46.0,0.0,0.0,,1353.0,64
2025-08-02 23:00:00+00:00,47.0,18.0,119.0,442.0,7.0,7.1,49.0,0.93,46.0,0.0,0.0,,1352.0,63
2025-08-03 00:00:00+00:00,48.2,18.1,132.0,442.0,6.6,7.3,51.0,0.91,51.0,0.0,0.0,,1350.0,64
2025-08-03 01:00:00+00:00,50.1,18.3,184.0,442.0,8.2,8.5,51.0,0.85,58.0,0.0,0.0,,1346.0,64
2025-08-03 02:00:00+00:00,56.0,19.9,257.0,442.0,10.3,10.2,51.0,0.81,68.0,0.25,0.3,,1341.0,67
2025-08-03 03:00:00+00:00,65.7,21.4,301.0,442.0,11.2,11.5,54.0,0.78,77.0,0.95,1.15,,1337.0,71
2025-08-03 04:00:00+00:00,72.4,22.2,290.0,442.0,9.7,12.3,62.0,0.77,85.0,2.15,2.85,,1335.0,72
2025-08-03 05:00:00+00:00,73.3,22.4,250.0,442.0,7.0,12.8,72.0,0.77,92.0,3.4,5.15,,1335.0,73
2025-08-03 06:00:00+00:00,77.5,23.3,220.0,442.0,4.9,12.9,79.0,0.77,97.0,4.65,7.35,,1335.0,75
2025-08-03 07:00:00+00:00,78.7,23.9,211.0,442.0,3.9,12.5,82.0,0.79,100.0,6.25,8.7,,1335.0,76
2025-08-03 08:00:00+00:00,71.9,22.7,211.0,441.0,3.5,11.8,82.0,0.8,100.0,4.9,8.65,,1334.0,73
2025-08-03 09:00:00+00:00,78.2,23.5,217.0,441.0,3.6,11.2,80.0,0.79,98.0,5.5,7.35,,1334.0,75
2025-08-03 10:00:00+00:00,73.8,22.6,233.0,441.0,4.1,11.0,76.0,0.78,93.0,3.85,5.1,,1333.0,73
2025-08-03 11:00:00+00:00,69.4,21.4,255.0,442.0,5.1,10.9,70.0,0.78,85.0,2.0,2.8,,1333.0,71
2025-08-03 12:00:00+00:00,78.7,23.5,275.0,442.0,7.0,11.4,65.0,0.7,97.0,0.95,1.2,,1334.0,75
2025-08-03 13:00:00+00:00,62.6,19.6,290.0,442.0,9.6,12.1,59.0,0.68,86.0,0.25,0.3,,1338.0,67
2025-08-03 14:00:00+00:00,59.1,19.3,301.0,443.0,13.2,13.1,51.0,0.65,72.0,0.0,0.0,,1343.0,66
2025-08-03 15:00:00+00:00,53.8,19.1,307.0,443.0,16.2,13.6,45.0,0.66,59.0,0.0,0.0,,1348.0,66
2025-08-03 16:00:00+00:00,49.4,19.5,308.0,443.0,18.2,13.5,41.0,0.67,51.0,0.0,0.0,,1354.0,67
2025-08-03 17:00:00+00:00,46.0,19.6,304.0,444.0,19.6,12.9,39.0,0.66,45.0,0.0,0.0,,1360.0,67
2025-08-03 18:00:00+00:00,43.3,18.6,286.0,444.0,19.7,12.1,38.0,0.63,40.0,0.0,0.0,,1363.0,65
2025-08-03 19:00:00+00:00,39.6,17.5,243.0,444.0,17.7,11.0,39.0,0.6,37.0,0.0,0.0,,1363.0,62
2025-08-03 20:00:00+00:00,38.1,16.5,187.0,443.0,14.5,9.6,42.0,0.59,35.0,0.0,0.0,,1360.0,60
2025-08-03 21:00:00+00:00,36.7,15.6,145.0,443.0,11.7,8.5,44.0,0.57,34.0,0.0,0.0,,1357.0,58
2025-08-03 22:00:00+00:00,36.6,15.0,126.0,443.0,9.9,7.9,45.0,0.56,34.0,0.0,0.0,,1356.0,57
2025-08-03 23:00:00+00:00,36.2,14.5,122.0,442.0,8.5,7.6,47.0,0.54,34.0,0.0,0.0,,1354.0,56
2025-08-04 00:00:00+00:00,36.6,14.3,137.0,442.0,7.8,7.7,48.0,0.53,36.0,0.0,0.0,,1352.0,56
2025-08-04 01:00:00+00:00,35.9,14.2,190.0,442.0,8.4,8.5,49.0,0.53,38.0,0.0,0.0,,1348.0,55
2025-08-04 02:00:00+00:00,42.7,15.5,263.0,443.0,9.8,9.8,49.0,0.55,42.0,0.25,0.35,,1342.0,58
2025-08-04 03:00:00+00:00,44.6,16.3,306.0,443.0,10.2,10.9,52.0,0.56,47.0,1.05,1.35,,1338.0,60
2025-08-04 04:00:00+00:00,50.5,17.3,291.0,442.0,8.7,11.7,60.0,0.59,55.0,2.65,3.3,,1335.0,62
2025-08-04 05:00:00+00:00,57.4,18.9,246.0,442.0,6.2,12.4,70.0,0.61,65.0,4.25,5.8,,1333.0,65
2025-08-04 06:00:00+00:00,61.9,19.8,213.0,441.0,4.3,12.7,78.0,0.65,73.0,6.25,8.05,,1332.0,67
2025-08-04 07:00:00+00:00,66.8,21.2,206.0,441.0,3.4,12.3,81.0,0.68,78.0,7.5,9.4,,1331.0,70
2025-08-04 08:00:00+00:00,65.9,21.1,210.0,441.0,3.1,11.5,82.0,0.71,81.0,7.0,9.2,,1330.0,70
2025-08-04 09:00:00+00:00,67.3,21.1,218.0,441.0,3.3,10.9,80.0,0.74,81.0,6.05,7.65,,1329.0,70
2025-08-04 10:00:00+00:00,63.8,20.3,232.0,441.0,3.8,10.7,76.0,0.74,77.0,3.9,5.3,,1329.0,68
2025-08-04 11:00:00+00:00,60.1,19.5,250.0,442.0,4.9,10.7,69.0,0.76,71.0,2.1,2.9,,1329.0,67
2025-08-04 12:00:00+00:00,56.9,18.9,266.0,442.0,6.6,10.7,62.0,0.75,65.0,0.9,1.15,,1331.0,65
2025-08-04 13:00:00+00:00,51.3,17.9,278.0,442.0,9.7,10.9,55.0,0.77,60.0,0.2,0.3,,1334.0,63
2025-08-04 14:00:00+00:00,45.4,17.3,286.0,443.0,13.6,11.2,47.0,0.75,54.0,0.0,0.0,,1339.0,62
2025-08-04 15:00:00+00:00,48.7,19.1,286.0,443.0,16.2,11.2,42.0,0.76,49.0,0.0,0.0,,1343.0,66
2025-08-04 16:00:00+00:00,45.1,19.0,275.0,443.0,16.8,10.8,40.0,0.77,43.0,0.0,0.0,,1346.0,66
2025-08-04 17:00:00+00:00,38.1,17.2,255.0,443.0,16.1,10.1,41.0,0.8,38.0,0.0,0.0,,1348.0,62
2025-08-04 18:00:00+00:00,38.4,17.2,231.0,443.0,14.9,9.4,42.0,0.82,34.0,0.0,0.0,,1349.0,62
